Date,Portfolio_Growth (%)
2015-01-02,1.0
2015-01-05,0.9740881614369952
2015-01-06,0.9592391440714788
2015-01-07,0.9608600688791198
2015-01-08,0.983992083319842
2015-01-09,0.9819284827995103
2015-01-12,0.9659142890157426
2015-01-13,0.9714077392142884
2015-01-14,0.9612896787130939
2015-01-15,0.9464998350938112
2015-01-16,0.9542121812845601
2015-01-20,0.9511993049965346
2015-01-21,1.0096270676124697
2015-01-22,1.0298301119575581
2015-01-23,1.0373539083453698
2015-01-26,1.0579578389812596
2015-01-27,1.0548288273704467
2015-01-28,1.0340858995992785
2015-01-29,1.0463993776258347
2015-01-30,1.027741669101224
2015-02-02,1.0447613351846543
2015-02-03,1.0737811733567642
2015-02-04,1.0796842552741144
2015-02-05,1.1225571367353668
2015-02-06,1.091853523818251
2015-02-09,1.086778438734639
2015-02-10,1.10718379541137
2015-02-11,1.1071944682684518
2015-02-12,1.1212684805575022
2015-02-13,1.1306964129404562
2015-02-17,1.1325756547110444
2015-02-18,1.1290302706030682
2015-02-19,1.1362746609895127
2015-02-20,1.1471701578515
2015-02-23,1.134405290348319
2015-02-24,1.1390970994191778
2015-02-25,1.1373181529467977
2015-02-26,1.175348257524974
2015-02-27,1.1647822948273188
2015-03-02,1.178015406523462
2015-03-03,1.165858838253853
2015-03-04,1.1637540007535856
2015-03-05,1.162254948440443
2015-03-06,1.1354148095526728
2015-03-09,1.127619371631821
2015-03-10,1.1201796749112982
2015-03-11,1.1181349496071884
2015-03-12,1.115198303567935
2015-03-13,1.1046439496165543
2015-03-16,1.1147916391339632
2015-03-17,1.1139219855717017
2015-03-18,1.1194159953458236
2015-03-19,1.1219249174796864
2015-03-20,1.1353880052844696
2015-03-23,1.1326533669309042
2015-03-24,1.1327080409412185
2015-03-25,1.0736054049671524
2015-03-26,1.0694197083144483
2015-03-27,1.0787963826634583
2015-03-30,1.0924185022235706
2015-03-31,1.0734099310967795
2015-04-01,1.0691339583655677
2015-04-02,1.0720718012958224
2015-04-06,1.096251799744897
2015-04-07,1.0985757734782173
2015-04-08,1.1174771802549206
2015-04-09,1.1252990997402468
2015-04-10,1.1391574895020882
2015-04-13,1.1461367976161176
2015-04-14,1.133465954638528
2015-04-15,1.1407068915265415
2015-04-16,1.199510811280931
2015-04-17,1.1734801213589587
2015-04-20,1.1642330185547833
2015-04-21,1.153379906351034
2015-04-22,1.1677765844246015
2015-04-23,1.1629995194289207
2015-04-24,1.1491995397983015
2015-04-27,1.1715503367336297
2015-04-28,1.1622941237960567
2015-04-29,1.159194873847508
2015-04-30,1.1485170525943205
2015-05-01,1.1698417604830122
2015-05-04,1.168038443978401
2015-05-05,1.1596259161387157
2015-05-06,1.1558808270234269
2015-05-07,1.1818955895836065
2015-05-08,1.1715437376817082
2015-05-11,1.1806911330111427
2015-05-12,1.1863762330138183
2015-05-13,1.1859803634419712
2015-05-14,1.1986774316699151
2015-05-15,1.2193402241399038
2015-05-18,1.22847114471863
2015-05-19,1.2172589123269726
2015-05-20,1.219885974612391
2015-05-21,1.2183706793770062
2015-05-22,1.2254322254045849
2015-05-26,1.213329314101095
2015-05-27,1.2566660957648599
2015-05-28,1.2629378420956925
2015-05-29,1.2729373921022216
2015-06-01,1.2684494017798875
2015-06-02,1.2624145726003755
2015-06-03,1.2556279402325217
2015-06-04,1.2588983022170308
2015-06-05,1.273198312088867
2015-06-08,1.259369643723111
2015-06-09,1.2732745497485356
2015-06-10,1.2858361110698595
2015-06-11,1.2839123033661692
2015-06-12,1.2708963959058086
2015-06-15,1.27229999220186
2015-06-16,1.2847592479761731
2015-06-17,1.2962644699732737
2015-06-18,1.3114435159648572
2015-06-19,1.3120917166914605
2015-06-22,1.322694863013496
2015-06-23,1.323896324129726
2015-06-24,1.315463287060205
2015-06-25,1.307642936626779
2015-06-26,1.2781946880792494
2015-06-29,1.2479599996974233
2015-06-30,1.2663721667185572
2015-07-01,1.2758445361607127
2015-07-02,1.3001112722910828
2015-07-06,1.2881006101502335
2015-07-07,1.2404198606346122
2015-07-08,1.2093383439192855
2015-07-09,1.2095790806075652
2015-07-10,1.2289153521966392
2015-07-13,1.2471142959710317
2015-07-14,1.2605007346185257
2015-07-15,1.2399273270118167
2015-07-16,1.3176751264720639
2015-07-17,1.3115169469422876
2015-07-20,1.3005477093107163
2015-07-21,1.2949198181552855
2015-07-22,1.277515003842535
2015-07-23,1.2761800191894104
2015-07-24,1.2554979389245098
2015-07-27,1.2200230714028508
2015-07-28,1.255620996665685
2015-07-29,1.2723676373203174
2015-07-30,1.289441818879347
2015-07-31,1.2941806193931813
2015-08-03,1.3064633115509057
2015-08-04,1.3375594689505572
2015-08-05,1.3582329157097466
2015-08-06,1.3393450791277486
2015-08-07,1.3464880087805606
2015-08-10,1.3486874871938188
2015-08-11,1.3345119757156512
2015-08-12,1.3299278605608504
2015-08-13,1.333500840203048
2015-08-14,1.3322083855319995
2015-08-17,1.3535368415945792
2015-08-18,1.3438723398541643
2015-08-19,1.3284270104491596
2015-08-20,1.2495460346096183
2015-08-21,1.1969005582425731
2015-08-24,1.1448269041739803
2015-08-25,1.1506299029547025
2015-08-26,1.2246227441814255
2015-08-27,1.304129522286594
2015-08-28,1.3179702711137815
2015-08-31,1.2992904729130206
2015-09-01,1.2228872099217114
2015-09-02,1.2500292491031708
2015-09-03,1.2320773874271722
2015-09-04,1.211495832888984
2015-09-08,1.2315196291403514
2015-09-09,1.2384713486227659
2015-09-10,1.2451083825420326
2015-09-11,1.2569548240437634
2015-09-14,1.238727988514525
2015-09-15,1.2648510415159837
2015-09-16,1.2905686181851042
2015-09-17,1.2912540507479269
2015-09-18,1.275821007271616
2015-09-21,1.2670083018525726
2015-09-22,1.239226555493698
2015-09-23,1.238255296432571
2015-09-24,1.2659553731242572
2015-09-25,1.2604088818652972
2015-09-28,1.2229671843546113
2015-09-29,1.2193149975965434
2015-09-30,1.2643655993448568
2015-10-01,1.2585031207677737
2015-10-02,1.2814163614658696
2015-10-05,1.3004403861892062
2015-10-06,1.2817611625874785
2015-10-07,1.2801618011942744
2015-10-08,1.3056234415661558
2015-10-09,1.2953982155675667
2015-10-12,1.2887985082800129
2015-10-13,1.2729499629217467
2015-10-14,1.2926526511414618
2015-10-15,1.271027170944715
2015-10-16,1.268226262679414
2015-10-19,1.280583565651261
2015-10-20,1.2582176154161238
2015-10-21,1.2550386186914138
2015-10-22,1.2764609673393603
2015-10-23,1.3005791293362257
2015-10-26,1.3005270806303184
2015-10-27,1.29173486650113
2015-10-28,1.320790508890849
2015-10-29,1.289280550291367
2015-10-30,1.3102548456142962
2015-11-02,1.3234028119866919
2015-11-03,1.328304765861325
2015-11-04,1.3601017026726328
2015-11-05,1.3487488093493984
2015-11-06,1.4031448892055713
2015-11-09,1.3691613166978758
2015-11-10,1.3465324169584452
2015-11-11,1.3504717348859454
2015-11-12,1.3225282947885195
2015-11-13,1.2848144014362368
2015-11-16,1.3360152206247544
2015-11-17,1.3592322812130582
2015-11-18,1.404301896785975
2015-11-19,1.4042962715821528
2015-11-20,1.428240764795849
2015-11-23,1.4223081749568804
2015-11-24,1.435188783922221
2015-11-25,1.4516849968516392
2015-11-27,1.4607520130392733
2015-11-30,1.4574003823734762
2015-12-01,1.4855159680622907
2015-12-02,1.4859709524665194
2015-12-03,1.4995474872655428
2015-12-04,1.536367758369662
2015-12-07,1.516875639598042
2015-12-08,1.5239736433818576
2015-12-09,1.495115991673773
2015-12-10,1.5057960194611621
2015-12-11,1.463157621508435
2015-12-14,1.4671217498287044
2015-12-15,1.4680965076705956
2015-12-16,1.5132331181962724
2015-12-17,1.5014267112703021
2015-12-18,1.4666751692718418
2015-12-21,1.4877467092334584
2015-12-22,1.50067864130597
2015-12-23,1.5167574407902324
2015-12-24,1.5216755661290704
2015-12-28,1.5250699200126916
2015-12-29,1.5491911022780223
2015-12-30,1.5348242042053741
2015-12-31,1.510278885474316
2016-01-04,1.458319405375756
2016-01-05,1.4432665744212854
2016-01-06,1.4395227809222735
2016-01-07,1.3857932169712655
2016-01-08,1.350190745495013
2016-01-11,1.376839916449339
2016-01-12,1.3977024730174157
2016-01-13,1.3158556931494505
2016-01-14,1.3181133745228306
2016-01-15,1.2654984454863512
2016-01-19,1.2770921068938015
2016-01-20,1.2687679233219016
2016-01-21,1.2746015225313967
2016-01-22,1.2715891869688012
2016-01-25,1.2666956202386972
2016-01-26,1.2577850094199214
2016-01-27,1.223017245250137
2016-01-28,1.2387908197244615
2016-01-29,1.265822975230749
2016-02-01,1.283622740964607
2016-02-02,1.2278500461987045
2016-02-03,1.2199866130151318
2016-02-04,1.2286501721044911
2016-02-05,1.1478461447689507
2016-02-08,1.10789349004255
2016-02-09,1.1155439608467146
2016-02-10,1.1145658342167462
2016-02-11,1.106773291655743
2016-02-12,1.1242213109038266
2016-02-16,1.1562781080264424
2016-02-17,1.2122801338695406
2016-02-18,1.2105882583313299
2016-02-19,1.212530982539854
2016-02-22,1.2556985078649734
2016-02-23,1.2367841003563962
2016-02-24,1.2586939179814791
2016-02-25,1.2837978256509879
2016-02-26,1.289683448795114
2016-02-29,1.2893792727394537
2016-03-01,1.3296284896649493
2016-03-02,1.3381320779985613
2016-03-03,1.3544894007777946
2016-03-04,1.38367629192962
2016-03-07,1.3634268391290862
2016-03-08,1.3375937127706474
2016-03-09,1.3517372072779534
2016-03-10,1.3503599249315685
2016-03-11,1.3873121489733802
2016-03-14,1.410591612736066
2016-03-15,1.3942587378717808
2016-03-16,1.4238553419094213
2016-03-17,1.4451849466630775
2016-03-18,1.478054176213507
2016-03-21,1.4749570946714305
2016-03-22,1.4687329641773936
2016-03-23,1.4510826199737266
2016-03-24,1.459618916852436
2016-03-28,1.4762707093514817
2016-03-29,1.5014821044043525
2016-03-30,1.500014894840743
2016-03-31,1.4959054966525724
2016-04-01,1.5272214452367716
2016-04-04,1.5233232079536623
2016-04-05,1.5257253232735961
2016-04-06,1.5428663905898077
2016-04-07,1.513049027194838
2016-04-08,1.5161126850576747
2016-04-11,1.5140470682764422
2016-04-12,1.5323724748885532
2016-04-13,1.5654896071790794
2016-04-14,1.5598262723165628
2016-04-15,1.5613453326982447
2016-04-18,1.5520169910169188
2016-04-19,1.4629737401873644
2016-04-20,1.4867939337259772
2016-04-21,1.4679335925219106
2016-04-22,1.575796627467032
2016-04-25,1.523529235824121
2016-04-26,1.5400918919763282
2016-04-27,1.5474733240413046
2016-04-28,1.5139044015525434
2016-04-29,1.4909362352875344
2016-05-02,1.5238033669922184
2016-05-03,1.4883450316702862
2016-05-04,1.4661296273868198
2016-05-05,1.4579734907228488
2016-05-06,1.470668072020707
2016-05-09,1.4622587532235871
2016-05-10,1.4819006011221119
2016-05-11,1.4708559049871834
2016-05-12,1.44519843137251
2016-05-13,1.5038260006697348
2016-05-16,1.5356271343115933
2016-05-17,1.5282876459213588
2016-05-18,1.5616178540035466
2016-05-19,1.5558569562206757
2016-05-20,1.5954893470099278
2016-05-23,1.6175831038098707
2016-05-24,1.659317753855305
2016-05-25,1.6710191013771716
2016-05-26,1.702947084291876
2016-05-27,1.7247861457584925
2016-05-31,1.7300484771326352
2016-06-01,1.7136753119996115
2016-06-02,1.70141119517591
2016-06-03,1.6975146894370696
2016-06-06,1.725065865114378
2016-06-07,1.7401757295417657
2016-06-08,1.727417520333632
2016-06-09,1.7360065840452272
2016-06-10,1.6796276356281905
2016-06-13,1.6894256788832878
2016-06-14,1.68596218142295
2016-06-15,1.6949802420415387
2016-06-16,1.7268703929238451
2016-06-17,1.7453555203510565
2016-06-20,1.7448242316354676
2016-06-21,1.7545659887882052
2016-06-22,1.69575886219571
2016-06-23,1.735846388910246
2016-06-24,1.648040356472734
2016-06-27,1.6134628752965696
2016-06-28,1.6757985738824588
2016-06-29,1.7145077041940773
2016-06-30,1.723223915082707
2016-07-01,1.7368166564399394
2016-07-05,1.7311956077070516
2016-07-06,1.727048186957757
2016-07-07,1.74196335371474
2016-07-08,1.7843516737473515
2016-07-11,1.791377162673135
2016-07-12,1.8164196516679039
2016-07-13,1.8100299680497656
2016-07-14,1.8336088841881129
2016-07-15,1.8263950325722902
2016-07-18,1.8661508952026096
2016-07-19,1.8075875367557663
2016-07-20,1.8299507000199449
2016-07-21,1.7863958527773804
2016-07-22,1.846978451292308
2016-07-25,1.9358124753839543
2016-07-26,1.9881279679806636
2016-07-27,1.9787603931725972
2016-07-28,1.975216649713433
2016-07-29,1.9850646266471839
2016-08-01,1.9761251153627157
2016-08-02,1.9337539742659549
2016-08-03,1.9375468915868652
2016-08-04,1.9721283580515028
2016-08-05,2.0123816849786627
2016-08-08,2.008220841217945
2016-08-09,2.0075228755748347
2016-08-10,1.9934977306531885
2016-08-11,2.0197310103508253
2016-08-12,2.0683574559455487
2016-08-15,2.085221426333908
2016-08-16,2.0598696261483282
2016-08-17,2.0439091838613903
2016-08-18,2.0815162320084264
2016-08-19,2.128745046348147
2016-08-22,2.12599506834252
2016-08-23,2.1438989925239116
2016-08-24,2.107134002894667
2016-08-25,2.1146075682702596
2016-08-26,2.1369531417790424
2016-08-29,2.1255511351820227
2016-08-30,2.1107661287581028
2016-08-31,2.1005953273150073
2016-09-01,2.10564074441994
2016-09-02,2.100786235984742
2016-09-06,2.105375941782534
2016-09-07,2.0494939667880656
2016-09-08,2.0053121738522584
2016-09-09,1.9190943103406741
2016-09-12,1.9554282229958104
2016-09-13,1.919294522770209
2016-09-14,1.9597838699564527
2016-09-15,1.992233156061894
2016-09-16,2.006140892480153
2016-09-19,2.0167678480591986
2016-09-20,2.0059708822455873
2016-09-21,2.022750413791461
2016-09-22,2.0332693978404284
2016-09-23,2.043052558122005
2016-09-26,2.015711041070709
2016-09-27,2.0695513301820307
2016-09-28,2.0774259427227113
2016-09-29,2.0847658053922897
2016-09-30,2.1245705969221755
2016-10-03,2.1471638340865997
2016-10-04,2.14188160829356
2016-10-05,2.1489235937254954
2016-10-06,2.1433251154956072
2016-10-07,2.117759836480907
2016-10-10,2.1260840444809466
2016-10-11,2.0720165293494075
2016-10-12,2.07949981543541
2016-10-13,2.057745112769686
2016-10-14,2.0874509247064923
2016-10-17,2.0662393601386198
2016-10-18,2.1681213576859113
2016-10-19,2.185551973301036
2016-10-20,2.2172506720420158
2016-10-21,2.1989783293454224
2016-10-24,2.276184085062744
2016-10-25,2.3149454601350707
2016-10-26,2.302551975982115
2016-10-27,2.2724538769727216
2016-10-28,2.2689453018856818
2016-10-31,2.270148680068397
2016-11-01,2.223112686731452
2016-11-02,2.1966477746998203
2016-11-03,2.1837146571699737
2016-11-04,2.1701366074715
2016-11-07,2.2590792521126253
2016-11-08,2.261677340024032
2016-11-09,2.225030401591975
2016-11-10,2.112924097748933
2016-11-11,2.3423933457598194
2016-11-14,2.2872494297593606
2016-11-15,2.334361361291688
2016-11-16,2.4501673976692966
2016-11-17,2.5189873446844784
2016-11-18,2.546991973551168
2016-11-21,2.5798544068992473
2016-11-22,2.583041969058319
2016-11-23,2.594973302613482
2016-11-25,2.5960319819006563
2016-11-28,2.5934241651530403
2016-11-29,2.590322649937051
2016-11-30,2.5662800310789193
2016-12-01,2.4606618444626136
2016-12-02,2.4960835805334174
2016-12-05,2.5434552531636987
2016-12-06,2.634237424436086
2016-12-07,2.6766890815006645
2016-12-08,2.714224359800769
2016-12-09,2.7129318921229824
2016-12-12,2.7144130886835556
2016-12-13,2.7312097291974515
2016-12-14,2.779909499797481
2016-12-15,2.8356068484093924
2016-12-16,2.8356868706822285
2016-12-19,2.8787610348497754
2016-12-20,2.9632995950237637
2016-12-21,2.9718430479315168
2016-12-22,2.9879140548922485
2016-12-23,3.0201205377925224
2016-12-27,3.1491956662640703
2016-12-28,3.016150907510149
2016-12-29,3.033305645214247
2016-12-30,2.954746117143513
2017-01-03,2.935444622702686
2017-01-04,2.973376087483827
2017-01-05,2.9366502070947407
2017-01-06,2.9598628590456535
2017-01-09,3.016474882873409
2017-01-10,3.006336703108701
2017-01-11,2.97536555163016
2017-01-12,2.9187751336462506
2017-01-13,2.9339462832549237
2017-01-17,2.846060834913505
2017-01-18,2.8846655361971014
2017-01-19,2.9250492779625663
2017-01-20,2.9248023665421004
2017-01-23,2.9463241308999604
2017-01-24,3.037869727690201
2017-01-25,3.04265519654484
2017-01-26,3.073211905572972
2017-01-27,3.12299175153863
2017-01-30,3.0890842075282197
2017-01-31,3.0544670296902545
2017-02-01,3.2346508937123177
2017-02-02,3.2619239520437375
2017-02-03,3.2571212493577897
2017-02-06,3.39991295942171
2017-02-07,3.4031207490084148
2017-02-08,3.4273013058941375
2017-02-09,3.395646938174611
2017-02-10,3.3833256126268756
2017-02-13,3.3307694113653534
2017-02-14,3.305555320389886
2017-02-15,3.316761142429372
2017-02-16,3.2681298053885257
2017-02-17,3.2882057748477465
2017-02-21,3.4024324723268835
2017-02-22,3.424660633701727
2017-02-23,3.298156021344339
2017-02-24,3.295199296330393
2017-02-27,3.4020426366662853
2017-02-28,3.3110987940192396
2017-03-01,3.372093465325738
2017-03-02,3.247235144595236
2017-03-03,3.177890949192769
2017-03-06,3.18123550154154
2017-03-07,3.1907974804806942
2017-03-08,3.1964805708912274
2017-03-09,3.208323275268731
2017-03-10,3.2665445661477532
2017-03-13,3.3343971125547283
2017-03-14,3.325486673619351
2017-03-15,3.3335001633072965
2017-03-16,3.3164791079877056
2017-03-17,3.3269775268913975
2017-03-20,3.4321156348738753
2017-03-21,3.3191361486764244
2017-03-22,3.3692395920144618
2017-03-23,3.331703230549988
2017-03-24,3.341317681701544
2017-03-27,3.363850337328086
2017-03-28,3.3723809026118223
2017-03-29,3.3762730227677102
2017-03-30,3.4265421179255724
2017-03-31,3.4565111107260655
2017-04-03,3.4723373841798924
2017-04-04,3.3602194887886805
2017-04-05,3.33438346659318
2017-04-06,3.2788156752990325
2017-04-07,3.295742878907295
2017-04-10,3.2503397140855683
2017-04-11,3.251528027373965
2017-04-12,3.188415957705251
2017-04-13,3.143740307246932
2017-04-17,3.236987289219338
2017-04-18,3.2313372699810445
2017-04-19,3.218393752700357
2017-04-20,3.266420403293039
2017-04-21,3.2708530733963115
2017-04-24,3.3064301780261283
2017-04-25,3.393771341653563
2017-04-26,3.3663026445878534
2017-04-27,3.411216780771673
2017-04-28,3.3708077163080516
2017-05-01,3.439672631728809
2017-05-02,3.170158505177521
2017-05-03,3.171325820999468
2017-05-04,3.1351017307130604
2017-05-05,3.1571842619589576
2017-05-08,3.130440702623539
2017-05-09,3.1665347906142287
2017-05-10,3.4152029763425453
2017-05-11,3.478546202902917
2017-05-12,3.526986964652493
2017-05-15,3.597578556852852
2017-05-16,3.7239227235096783
2017-05-17,3.463666241037489
2017-05-18,3.5521300206744364
2017-05-19,3.587127464347806
2017-05-22,3.5969010921272186
2017-05-23,3.5606602208869154
2017-05-24,3.5870728753920424
2017-05-25,3.6205445587146605
2017-05-26,3.6634016204984716
2017-05-30,3.7119699033188587
2017-05-31,3.716155327051498
2017-06-01,3.6861032016955284
2017-06-02,3.72485898556301
2017-06-05,3.7954399059087103
2017-06-06,3.8567406843102665
2017-06-07,3.909448822414202
2017-06-08,4.067762229848828
2017-06-09,3.8523298948742726
2017-06-12,3.815536151114538
2017-06-13,3.8411295499746316
2017-06-14,3.8274899286333017
2017-06-15,3.8020108926370377
2017-06-16,3.7854824596977514
2017-06-19,3.8912430028060805
2017-06-20,3.9366321972710607
2017-06-21,4.08665359835067
2017-06-22,4.108630743258584
2017-06-23,4.063555534816244
2017-06-26,4.027585386772428
2017-06-27,3.866734787814947
2017-06-28,3.9344344448840025
2017-06-29,3.799976789401478
2017-06-30,3.76600272336752
2017-07-03,3.6615493949890463
2017-07-05,3.7626039054265354
2017-07-06,3.738887139048444
2017-07-07,3.825866367086506
2017-07-10,3.945393370453414
2017-07-11,3.9881334096875785
2017-07-12,4.114848913040882
2017-07-13,4.033281354063812
2017-07-14,4.127031119791914
2017-07-17,4.1033896619132175
2017-07-18,4.195898694881616
2017-07-19,4.197956888973046
2017-07-20,4.241796766560681
2017-07-21,4.271544857787976
2017-07-24,4.2833338407321735
2017-07-25,4.267743567629024
2017-07-26,4.353165948739308
2017-07-27,4.204032191563119
2017-07-28,4.222480792148856
2017-07-31,4.150793220736457
2017-08-01,4.179340771853821
2017-08-02,4.163397971237606
2017-08-03,4.181565797277122
2017-08-04,4.190719951902781
2017-08-07,4.274209180442725
2017-08-08,4.22496245419793
2017-08-09,4.2057031584883955
2017-08-10,4.028336002087849
2017-08-11,3.967576326851637
2017-08-14,4.148144311294628
2017-08-15,4.14769572589384
2017-08-16,4.106227732600938
2017-08-17,4.009384565548423
2017-08-18,4.014503646197046
2017-08-21,3.959812929066308
2017-08-22,4.027246056482435
2017-08-23,4.09550516067164
2017-08-24,4.083620648375771
2017-08-25,4.032566657915504
2017-08-28,4.026949221215118
2017-08-29,4.023567690816848
2017-08-30,4.109727187004714
2017-08-31,4.186453324154537
2017-09-01,4.21180273666188
2017-09-05,4.132837412325069
2017-09-06,4.142371801841184
2017-09-07,4.1316805503903975
2017-09-08,4.052700444445916
2017-09-11,4.1750311127173765
2017-09-12,4.17399043749588
2017-09-13,4.170865758155618
2017-09-14,4.171996473437982
2017-09-15,4.3059294803491515
2017-09-18,4.434178363592496
2017-09-19,4.430292303673129
2017-09-20,4.446276723210009
2017-09-21,4.3723742355760375
2017-09-22,4.324597946179288
2017-09-25,4.145106099120733
2017-09-26,4.14974298989225
2017-09-27,4.222024820478443
2017-09-28,4.219899067279224
2017-09-29,4.2545251642962505
2017-10-02,4.232657054451915
2017-10-03,4.302353000142911
2017-10-04,4.341380920409026
2017-10-05,4.386144140339581
2017-10-06,4.40328401180472
2017-10-09,4.445929692546646
2017-10-10,4.501824748312446
2017-10-11,4.542665770114274
2017-10-12,4.568849013251497
2017-10-13,4.6186223587873645
2017-10-16,4.660491517646715
2017-10-17,4.634977470181655
2017-10-18,4.617053100229857
2017-10-19,4.6020351309443805
2017-10-20,4.572495465063346
2017-10-23,4.577347256383744
2017-10-24,4.630398896402996
2017-10-25,4.413471401715586
2017-10-26,4.4116325127894
2017-10-27,4.4910028192530635
2017-10-30,4.450744261036133
2017-10-31,4.495756404860907
2017-11-01,4.472936524349516
2017-11-02,4.4499802068048036
2017-11-03,4.534758809758261
2017-11-06,4.610008219583723
2017-11-07,4.616423635462581
2017-11-08,4.565291845427716
2017-11-09,4.457969493317128
2017-11-10,4.567056166979975
2017-11-13,4.543143152844118
2017-11-14,4.553710867308389
2017-11-15,4.500879929971474
2017-11-16,4.558261685417826
2017-11-17,4.558073578731795
2017-11-20,4.585992938451826
2017-11-21,4.630294056956748
2017-11-22,4.610091356886537
2017-11-24,4.645419950496
2017-11-27,4.6329527076129935
2017-11-28,4.573227720747011
2017-11-29,4.340610454152122
2017-11-30,4.399503918586893
2017-12-01,4.3395010897341555
2017-12-04,4.149325955317447
2017-12-05,4.146465189340798
2017-12-06,4.185876082702631
2017-12-07,4.213752508227855
2017-12-08,4.210289428536557
2017-12-11,4.261602563097577
2017-12-12,4.210762691275884
2017-12-13,4.193569992303303
2017-12-14,4.1983552318565645
2017-12-15,4.280997376435851
2017-12-18,4.3900226806237015
2017-12-19,4.34788515346184
2017-12-20,4.3661527977001855
2017-12-21,4.343799052747143
2017-12-22,4.312465223338536
2017-12-26,4.303580040611697
2017-12-27,4.296928093046551
2017-12-28,4.332660213054272
2017-12-29,4.259987682513531
2018-01-02,4.435668479165908
2018-01-03,4.627529761394134
2018-01-04,4.681462469684754
2018-01-05,4.7039457598447205
2018-01-08,4.827129853815225
2018-01-09,4.771069722392793
2018-01-10,4.801405745562132
2018-01-11,4.842011974107834
2018-01-12,4.838103550450814
2018-01-16,4.803976510039726
2018-01-17,4.865424823178328
2018-01-18,4.901331031871334
2018-01-19,4.965331451716919
2018-01-22,5.026813160536522
2018-01-23,5.194215235081495
2018-01-24,5.171899739697873
2018-01-25,5.161948077501983
2018-01-26,5.303151238797265
2018-01-29,5.401381951872067
2018-01-30,5.291055126249069
2018-01-31,5.374551304471396
2018-02-01,5.241128082276436
2018-02-02,5.10969262722509
2018-02-05,4.769583462883016
2018-02-06,4.964891968019512
2018-02-07,4.992548728048954
2018-02-08,4.751242516971601
2018-02-09,4.9075789145380835
2018-02-12,4.951705310031413
2018-02-13,5.016331857367897
2018-02-14,5.168504451631806
2018-02-15,5.294537644149059
2018-02-16,5.228793161704421
2018-02-20,5.29675857047161
2018-02-21,5.205726874799238
2018-02-22,5.222634686541099
2018-02-23,5.322748047738637
2018-02-26,5.3918219641983605
2018-02-27,5.372510198934466
2018-02-28,5.285879004544112
2018-03-01,5.1515526002082455
2018-03-02,5.2495282307198705
2018-03-05,5.294758819780071
2018-03-06,5.392462869270452
2018-03-07,5.404875305241061
2018-03-08,5.358284619894204
2018-03-09,5.449115068011234
2018-03-12,5.473791405478116
2018-03-13,5.434082802185922
2018-03-14,5.430961705996683
2018-03-15,5.455955794828901
2018-03-16,5.427806649156493
2018-03-19,5.283756000821183
2018-03-20,5.353240272813703
2018-03-21,5.362976787478811
2018-03-22,5.2192224712847075
2018-03-23,5.077839884661145
2018-03-26,5.268738238634885
2018-03-27,4.939012255771102
2018-03-28,4.788606110018826
2018-03-29,4.952315488795377
2018-04-02,4.719847936042055
2018-04-03,4.809538002144259
2018-04-04,4.874124607051455
2018-04-05,4.880513838523237
2018-04-06,4.737698941168162
2018-04-09,4.750502988377126
2018-04-10,4.964789273875395
2018-04-11,4.956381109478153
2018-04-12,5.0732792497647905
2018-04-13,5.061588014427893
2018-04-16,5.054476224444768
2018-04-17,5.261784513270003
2018-04-18,5.232861712998387
2018-04-19,5.126696005632685
2018-04-20,5.074205393640389
2018-04-23,4.979933872913201
2018-04-24,4.900201668828055
2018-04-25,4.820267952411678
2018-04-26,5.045126070690967
2018-04-27,5.065049376966496
2018-04-30,5.029543632496473
2018-05-01,5.081304100552601
2018-05-02,5.059158064276203
2018-05-03,5.093626776434422
2018-05-04,5.233175792891456
2018-05-07,5.395536486494382
2018-05-08,5.421676497887111
2018-05-09,5.51713015797123
2018-05-10,5.580265411106202
2018-05-11,5.494674441249678
2018-05-14,5.526667682548248
2018-05-15,5.422692545337318
2018-05-16,5.463103268816081
2018-05-17,5.4641900973271955
2018-05-18,5.441960870206295
2018-05-21,5.468083619870466
2018-05-22,5.441467296458118
2018-05-23,5.558941477531052
2018-05-24,5.606810295247874
2018-05-25,5.654270056508629
2018-05-29,5.631470763116561
2018-05-30,5.731609540511508
2018-05-31,5.708096715026607
2018-06-01,5.860652448973656
2018-06-04,5.9822796104238085
2018-06-05,5.997136143108335
2018-06-06,6.1003586176443445
2018-06-07,5.9945117298513955
2018-06-08,6.000011829656222
2018-06-11,6.04188813091756
2018-06-12,6.090828552465129
2018-06-13,6.194970951186612
2018-06-14,6.308005431129968
2018-06-15,6.298729936353187
2018-06-18,6.348475356929095
2018-06-19,6.302865457925587
2018-06-20,6.368014488663428
2018-06-21,6.229333616827058
2018-06-22,6.149376461060053
2018-06-25,5.8582595538230535
2018-06-26,5.982248769584944
2018-06-27,5.837571968209496
2018-06-28,5.934825158462232
2018-06-29,5.844620895028404
2018-07-02,5.92912706842633
2018-07-03,5.805164280587843
2018-07-05,5.943371564988288
2018-07-06,6.097372433189923
2018-07-09,6.186449549443326
2018-07-10,6.218162016392581
2018-07-11,6.135046195309317
2018-07-12,6.103955634765967
2018-07-13,5.979184437908844
2018-07-16,6.003635479961323
2018-07-17,6.017241007540109
2018-07-18,5.980515575556958
2018-07-19,5.929450648404903
2018-07-20,5.883491012190791
2018-07-23,5.890533616548845
2018-07-24,5.822924938830129
2018-07-25,5.893659925056498
2018-07-26,6.08885447087048
2018-07-27,6.060523266644189
2018-07-30,5.938721586745745
2018-07-31,5.874751230069518
2018-08-01,5.898245598361148
2018-08-02,6.030765943207293
2018-08-03,6.0190090760193
2018-08-06,6.13265744650378
2018-08-07,6.216042650491354
2018-08-08,6.205098730361678
2018-08-09,6.134622068108043
2018-08-10,6.095111352510222
2018-08-13,6.138758359411183
2018-08-14,6.182360894020801
2018-08-15,6.0809473713172935
2018-08-16,6.022311095841025
2018-08-17,5.881022279762129
2018-08-20,5.9682763760635416
2018-08-21,6.11531614586935
2018-08-22,6.26674199888908
2018-08-23,6.384357486611554
2018-08-24,6.652534822381997
2018-08-27,6.812782721660112
2018-08-28,6.793797777903987
2018-08-29,6.838935266611085
2018-08-30,6.822374545848108
2018-08-31,6.862019826543386
2018-09-04,7.081343018024548
2018-09-05,6.969128564219273
2018-09-06,6.872794893008129
2018-09-07,6.855740027211221
2018-09-10,7.107531921739614
2018-09-11,7.1126264622975555
2018-09-12,7.286033662571829
2018-09-13,7.190486196795303
2018-09-14,7.401517122298392
2018-09-17,7.294597417667267
2018-09-18,7.298423399511746
2018-09-19,7.268198763963802
2018-09-20,7.208545407087715
2018-09-21,7.158748971618445
2018-09-24,7.337213575022888
2018-09-25,7.358017963933499
2018-09-26,7.352050041391554
2018-09-27,7.398295646055743
2018-09-28,7.341448817052208
2018-10-01,7.540740363736819
2018-10-02,7.3034939052833465
2018-10-03,7.258387037832312
2018-10-04,7.067689910273788
2018-10-05,6.866437154295231
2018-10-08,6.734005152197452
2018-10-09,6.834483695746156
2018-10-10,6.3187174813487
2018-10-11,6.206957742300295
2018-10-12,6.486353761937346
2018-10-15,6.3434634723034
2018-10-16,6.671542708635632
2018-10-17,6.644841878075755
2018-10-18,6.461194298980606
2018-10-19,6.077163763003897
2018-10-22,6.189140874747705
2018-10-23,6.138342325827555
2018-10-24,5.5994502451505195
2018-10-25,5.4949223181304605
2018-10-26,5.221338065407474
2018-10-29,4.977192468122508
2018-10-30,5.194467752634151
2018-10-31,5.423713787394816
2018-11-01,5.728310768487505
2018-11-02,5.647884047612236
2018-11-05,5.611377726043746
2018-11-06,5.660290017851314
2018-11-07,5.859911207140383
2018-11-08,5.7106828509852665
2018-11-09,5.633464282631911
2018-11-12,5.237449963643813
2018-11-13,5.388480457372623
2018-11-14,5.434075317241201
2018-11-15,5.574347151300754
2018-11-16,5.127470419958938
2018-11-19,4.734999331942809
2018-11-20,4.763192084143816
2018-11-21,4.660455021902143
2018-11-23,4.687273688245287
2018-11-26,4.859364357194115
2018-11-27,4.958784972165007
2018-11-28,5.110156346120553
2018-11-29,5.109456013184638
2018-11-30,5.161261655161668
2018-12-03,5.440805996365041
2018-12-04,5.039333336699008
2018-12-06,5.088304784154947
2018-12-07,4.7711869842525765
2018-12-10,4.899316880947358
2018-12-11,4.861166224033757
2018-12-12,4.9601491620556875
2018-12-13,4.93410850731016
2018-12-14,4.858992619500744
2018-12-17,4.716952626388091
2018-12-18,4.813882779239204
2018-12-19,4.597769784152673
2018-12-20,4.502537832377529
2018-12-21,4.325045143833559
2018-12-24,4.184706772742551
2018-12-26,4.4742025112452
2018-12-27,4.428270695971976
2018-12-28,4.501328849148164
2018-12-31,4.594642384339659
2019-01-02,4.627160433231187
2019-01-03,4.372301521467416
2019-01-04,4.725979905039731
2019-01-07,5.011753983404626
2019-01-08,5.006086627357125
2019-01-09,5.013519447046841
2019-01-10,5.0373446043934225
2019-01-11,5.168876173403707
2019-01-14,5.152091100763291
2019-01-15,5.265104413836207
2019-01-16,5.185048238577001
2019-01-17,5.268237967654953
2019-01-18,5.272308389048954
2019-01-22,5.051549138455825
2019-01-23,5.035122159928097
2019-01-24,5.233122757306546
2019-01-25,5.396445750485681
2019-01-28,5.034559116400542
2019-01-29,4.872475242606308
2019-01-30,5.284130843348875
2019-01-31,5.434811056036943
2019-02-01,5.455298245974158
2019-02-04,5.528376593430354
2019-02-05,5.496016866436868
2019-02-06,5.516693203811879
2019-02-07,5.363965569039405
2019-02-08,5.419727997442539
2019-02-11,5.398252316739768
2019-02-12,5.498187602391674
2019-02-13,5.48506182151357
2019-02-14,5.548064815578901
2019-02-15,5.612962535119545
2019-02-19,5.643911564139563
2019-02-20,5.655531771806682
2019-02-21,5.59858039047149
2019-02-22,5.6840934064447435
2019-02-25,5.716812516210128
2019-02-26,5.6597914286207285
2019-02-27,5.58827352999493
2019-02-28,5.57387563768433
2019-03-01,5.57564459053932
2019-03-04,5.526182518556601
2019-03-05,5.5426093868276425
2019-03-06,5.426271161186964
2019-03-07,5.334356804222873
2019-03-08,5.335035470831627
2019-03-11,5.563585049218693
2019-03-12,5.600849558185901
2019-03-13,5.6812998783878665
2019-03-14,5.594258380994354
2019-03-15,5.713171726691902
2019-03-18,5.711251658503101
2019-03-19,5.9747988347684275
2019-03-20,5.994316661055828
2019-03-21,6.275690069323678
2019-03-22,6.0132566988923895
2019-03-25,5.962550526842863
2019-03-26,5.963595249270019
2019-03-27,5.877833983588023
2019-03-28,5.9126454464206635
2019-03-29,5.982284769101559
2019-04-01,6.132607226076578
2019-04-02,6.16353876826017
2019-04-03,6.405263808339244
2019-04-04,6.373117616362037
2019-04-05,6.39311866458886
2019-04-08,6.350181870813694
2019-04-09,6.238786200014234
2019-04-10,6.319560415431851
2019-04-11,6.322794966321363
2019-04-12,6.260417267324858
2019-04-15,6.157138541701305
2019-04-16,6.290006030791643
2019-04-17,6.231083251487341
2019-04-18,6.256022214870913
2019-04-22,6.366383678202321
2019-04-23,6.39309404875012
2019-04-24,6.396636649307311
2019-04-25,6.255640556189197
2019-04-26,6.196441090057513
2019-04-29,6.192800659091024
2019-04-30,6.208537311784316
2019-05-01,6.171759988993204
2019-05-02,6.313695970735462
2019-05-03,6.340364423669312
2019-05-06,6.215536393540108
2019-05-07,6.04259973456956
2019-05-08,6.048605621459155
2019-05-09,6.0127660255915005
2019-05-10,6.046030398327004
2019-05-13,5.718299989751868
2019-05-14,5.858329059484885
2019-05-15,5.895404990196626
2019-05-16,5.933559240521762
2019-05-17,5.808930990415162
2019-05-20,5.63483972786493
2019-05-21,5.747847762374943
2019-05-22,5.72236170499254
2019-05-23,5.549327186736332
2019-05-24,5.529781768773615
2019-05-28,5.705215435816143
2019-05-29,5.58038572951812
2019-05-30,5.57784305189854
2019-05-31,5.448010881938852
2019-06-03,5.414805027092202
2019-06-04,5.761116286531139
2019-06-05,5.750899041236618
2019-06-06,5.9778004399254865
2019-06-07,6.0569234660795725
2019-06-10,6.130222426369981
2019-06-11,6.099262810064248
2019-06-12,5.999275936882457
2019-06-13,5.9600181146860525
2019-06-14,5.801642788599264
2019-06-17,5.771618287242279
2019-06-18,5.993197074794664
2019-06-19,6.025426797502573
2019-06-20,6.002146713867135
2019-06-21,5.918713503021658
2019-06-24,5.959016609329998
2019-06-25,5.865326163893878
2019-06-26,6.03905188089084
2019-06-27,6.183081638963499
2019-06-28,6.159330631606218
2019-07-01,6.298326992811139
2019-07-02,6.25308729231431
2019-07-03,6.26832236852805
2019-07-05,6.255714390991986
2019-07-08,6.230642403261006
2019-07-09,6.330791449346323
2019-07-10,6.416368747805289
2019-07-11,6.420292562026246
2019-07-12,6.444219091535703
2019-07-15,6.516123078595745
2019-07-16,6.461904647903026
2019-07-17,6.459225106981551
2019-07-18,6.277766299696191
2019-07-19,6.187882708585966
2019-07-22,6.2339994892722235
2019-07-23,6.325085479135142
2019-07-24,6.454292809795416
2019-07-25,6.363419412336912
2019-07-26,6.444168724575542
2019-07-29,6.397565950143496
2019-07-30,6.407438808980513
2019-07-31,6.052882479429641
2019-08-01,5.940562469304547
2019-08-02,5.856193484948391
2019-08-05,5.572104498980128
2019-08-06,5.662460502095855
2019-08-07,5.688817995011734
2019-08-08,6.13943242390693
2019-08-09,6.097647096365065
2019-08-12,5.9406598551649825
2019-08-13,5.989778482954731
2019-08-14,5.699165663392927
2019-08-15,5.620648097941615
2019-08-16,5.883397554763574
2019-08-19,6.060019057570322
2019-08-20,5.934784531489133
2019-08-21,6.046501490644558
2019-08-22,6.061879518212504
2019-08-23,5.732501986744358
2019-08-26,5.845495283810505
2019-08-27,5.783254438078614
2019-08-28,5.826262680407751
2019-08-29,5.974165668523381
2019-08-30,5.969173702357889
2019-09-03,5.859184983655641
2019-09-04,5.9314560533217655
2019-09-05,6.112788579092298
2019-09-06,6.019025416993621
2019-09-09,6.0549987657492865
2019-09-10,6.043000445520607
2019-09-11,6.038019346623392
2019-09-12,6.077511770613485
2019-09-13,6.090429168954424
2019-09-16,6.078792868042368
2019-09-17,6.118760102127461
2019-09-18,6.033624669045208
2019-09-19,5.982414021104508
2019-09-20,5.840416113763184
2019-09-23,5.889547547997828
2019-09-24,5.714516364613415
2019-09-25,5.805348207962604
2019-09-26,5.800402150046972
2019-09-27,5.681932852157149
2019-09-30,5.746031016248432
2019-10-01,5.737016752725406
2019-10-02,5.676578104447411
2019-10-03,5.786442294588014
2019-10-04,5.8488634858998365
2019-10-07,5.868064587806421
2019-10-08,5.720718289779511
2019-10-09,5.769443644107608
2019-10-10,5.84124790868622
2019-10-11,5.998889387154276
2019-10-14,6.082883118818531
2019-10-15,6.2078966615574505
2019-10-16,6.199341985567941
2019-10-17,6.257144814165848
2019-10-18,6.124263469957515
2019-10-21,6.272069789226281
2019-10-22,6.181247204427148
2019-10-23,6.168132504857867
2019-10-24,6.258621481000675
2019-10-25,6.4713789291833255
2019-10-28,6.590436895720048
2019-10-29,6.482688409574962
2019-10-30,6.535111320628656
2019-10-31,6.564288321574303
2019-11-01,6.655394838645054
2019-11-04,6.883724942023667
2019-11-05,6.862852802383929
2019-11-06,6.835725418071672
2019-11-07,6.87826218584321
2019-11-08,6.886268014264887
2019-11-11,6.908143297803177
2019-11-12,6.953575822929793
2019-11-13,6.961008698464018
2019-11-14,7.05498433156067
2019-11-15,7.047226972829198
2019-11-18,7.25106779477598
2019-11-19,7.336122064134317
2019-11-20,7.336159673399406
2019-11-21,7.252594080445853
2019-11-22,7.206547606692276
2019-11-25,7.389763601034614
2019-11-26,7.262272684343951
2019-11-27,7.326352231061781
2019-11-29,7.281191105296449
2019-12-02,7.150102932137429
2019-12-03,7.124493960682218
2019-12-04,7.197276978909711
2019-12-05,7.179931325838578
2019-12-06,7.2475187636479275
2019-12-09,7.1756077708749615
2019-12-10,7.204008250968545
2019-12-11,7.275780811370865
2019-12-12,7.596898952328263
2019-12-13,7.462565720458906
2019-12-16,7.623368782429448
2019-12-17,7.730293797761806
2019-12-18,7.748740078383827
2019-12-19,7.896632328871431
2019-12-20,8.044355790637313
2019-12-23,8.135261238707098
2019-12-24,8.22201168896811
2019-12-26,8.232283175258495
2019-12-27,8.157913886956027
2019-12-30,8.019645480064764
2019-12-31,8.084190170832466
2020-01-02,8.42133266651874
2020-01-03,8.325282231231785
2020-01-06,8.366068329608282
2020-01-07,8.37753384941838
2020-01-08,8.397942574745377
2020-01-09,8.480316868390231
2020-01-10,8.389810708232018
2020-01-13,8.595475631070496
2020-01-14,8.533304387752683
2020-01-15,8.515526436736412
2020-01-16,8.641733944162345
2020-01-17,8.737065664690293
2020-01-21,8.7585118196567
2020-01-22,8.79013147748771
2020-01-23,8.948869829280884
2020-01-24,8.839596177241262
2020-01-27,8.57845281841111
2020-01-28,8.80005207190154
2020-01-29,8.539437523563945
2020-01-30,8.705563780822942
2020-01-31,8.45724284199455
2020-02-03,8.742366209435279
2020-02-04,9.07157885432519
2020-02-05,9.012110745678335
2020-02-06,9.014541134421435
2020-02-07,9.008378745977343
2020-02-10,9.347317421656946
2020-02-11,9.536803524679351
2020-02-12,9.617707837970901
2020-02-13,9.685757254542082
2020-02-14,9.91303545419632
2020-02-18,10.167562331488671
2020-02-19,10.555568556072405
2020-02-20,10.343783796867976
2020-02-21,9.867738466154043
2020-02-24,9.216883381616695
2020-02-25,8.905938336418865
2020-02-26,9.019559892978567
2020-02-27,8.464294797073654
2020-02-28,8.724528234244385
2020-03-02,9.077906763374608
2020-03-03,8.851037731808097
2020-03-04,9.374001761624966
2020-03-05,9.022978011508098
2020-03-06,8.943237497176462
2020-03-09,8.119378845958057
2020-03-10,8.567971471370003
2020-03-11,8.345820129520217
2020-03-12,7.28441920088584
2020-03-13,7.997031841972591
2020-03-16,6.830637612695066
2020-03-17,7.3696150837979175
2020-03-18,6.8760050876305
2020-03-19,7.20940941483627
2020-03-20,7.120598800733776
2020-03-23,7.460366250478896
2020-03-24,8.257174607428876
2020-03-25,8.083607800710757
2020-03-26,8.537769227998158
2020-03-27,8.362972997991191
2020-03-30,8.649820510584718
2020-03-31,8.483916829630651
2020-04-01,8.032175186512651
2020-04-02,8.243750951293325
2020-04-03,7.970890572270908
2020-04-06,8.725885683277475
2020-04-07,8.633270420563068
2020-04-08,8.818177034723664
2020-04-09,8.754563940894478
2020-04-13,9.201510914158348
2020-04-14,9.777157807875515
2020-04-15,9.801536120428864
2020-04-16,10.151612682140515
2020-04-17,10.059794093891743
2020-04-20,10.071393134418724
2020-04-21,9.50344079589016
2020-04-22,9.909705867617621
2020-04-23,9.881903656717743
2020-04-24,9.981006929032999
2020-04-27,10.138553555954555
2020-04-28,9.90344666497838
2020-04-29,9.918935467311192
2020-04-30,9.768558424663741
2020-05-01,9.370495924462102
2020-05-04,9.767185848285848
2020-05-05,9.761507208301754
2020-05-06,9.849660888422855
2020-05-07,9.918198165417834
2020-05-08,10.133416780785176
2020-05-11,10.438240374167561
2020-05-12,10.134897088394833
2020-05-13,10.006065842545212
2020-05-14,10.313089913893474
2020-05-15,10.505726290691182
2020-05-18,10.671012811419315
2020-05-19,10.744426849914799
2020-05-20,10.885527938865224
2020-05-21,10.63520219775381
2020-05-22,10.740021089456027
2020-05-26,10.423271515673346
2020-05-27,10.345974071447317
2020-05-28,10.207945779342845
2020-05-29,10.584750552977773
2020-06-01,10.624317064846005
2020-06-02,10.63174507139125
2020-06-03,10.551686048784928
2020-06-04,10.494127777621305
2020-06-05,10.647252606198178
2020-06-08,10.650851946903556
2020-06-09,11.04839403302388
2020-06-10,11.332633475521535
2020-06-11,10.634646205678616
2020-06-12,10.687665615092408
2020-06-15,10.960137995661038
2020-06-16,10.949729742795878
2020-06-17,11.083984715509855
2020-06-18,11.068683741275038
2020-06-19,11.080908754167519
2020-06-22,11.299097231758306
2020-06-23,11.206103413704398
2020-06-24,10.921286796602883
2020-06-25,11.046984231428217
2020-06-26,10.659650181281027
2020-06-29,10.7564014612917
2020-06-30,11.15646492195646
2020-07-01,11.320365162170512
2020-07-02,11.38663503301191
2020-07-06,11.779343843479591
2020-07-07,11.75978670398542
2020-07-08,11.963667249139693
2020-07-09,12.416738198287804
2020-07-10,12.598935983831481
2020-07-13,12.104856012116894
2020-07-14,12.341608989558518
2020-07-15,12.346078477690616
2020-07-16,12.248176102174066
2020-07-17,12.148594326255022
2020-07-20,12.62903820289333
2020-07-21,12.399119586387677
2020-07-22,12.821393549711052
2020-07-23,12.402656847852624
2020-07-24,13.080870068866648
2020-07-27,13.325431415537897
2020-07-28,13.044840464262716
2020-07-29,13.786856919819723
2020-07-30,14.005119183269596
2020-07-31,13.917653614697262
2020-08-03,14.19030387695241
2020-08-04,14.889147010650571
2020-08-05,14.903099737995163
2020-08-06,15.058706726968921
2020-08-07,14.767680149902352
2020-08-10,14.484649061648323
2020-08-11,13.84502080298228
2020-08-12,14.726764886895717
2020-08-13,14.745665778600273
2020-08-14,14.782617772338659
2020-08-17,15.346034278696568
2020-08-18,15.340561272750236
2020-08-19,15.213163655438379
2020-08-20,15.50532641336073
2020-08-21,15.82268817335098
2020-08-24,15.743892650208243
2020-08-25,16.0203720390898
2020-08-26,16.35873775549165
2020-08-27,16.126607628351326
2020-08-28,16.442834493565673
2020-08-31,17.20881478652461
2020-09-01,17.51507409304997
2020-09-02,17.466913536367002
2020-09-03,16.024105395679243
2020-09-04,15.862619376109478
2020-09-08,14.869175502159454
2020-09-09,15.585132656374588
2020-09-10,15.14425935030685
2020-09-11,14.904970554932046
2020-09-14,15.498794392339345
2020-09-15,15.849143486918965
2020-09-16,15.404851162576218
2020-09-17,15.235719127282692
2020-09-18,15.077405881924923
2020-09-21,15.520145188605113
2020-09-22,15.470241309270842
2020-09-23,14.740989211012032
2020-09-24,14.957404859711142
2020-09-25,15.47115154375318
2020-09-28,15.756956133011036
2020-09-29,15.999866250612575
2020-09-30,16.20918196759659
2020-10-01,16.66367208744466
2020-10-02,15.94257811178069
2020-10-05,16.636406697167434
2020-10-06,16.431785340718
2020-10-07,16.860381834085352
2020-10-08,16.801602596279583
2020-10-09,16.590237780427742
2020-10-12,16.91426005124998
2020-10-13,17.07250996952646
2020-10-14,16.94526435210566
2020-10-15,16.759183394784007
2020-10-16,16.609900404469297
2020-10-19,16.35122681900911
2020-10-20,16.317623391707947
2020-10-21,15.940254942017408
2020-10-22,15.89333191983971
2020-10-23,16.162111922174887
2020-10-26,15.982797655489557
2020-10-27,15.84935855180376
2020-10-28,15.237043842902523
2020-10-29,15.625783097696734
2020-10-30,14.997661877837771
2020-11-02,15.06576507987074
2020-11-03,15.505061736710427
2020-11-04,16.217707551173596
2020-11-05,16.664571024029282
2020-11-06,17.006338550328874
2020-11-09,16.202270282010375
2020-11-10,15.440503365252692
2020-11-11,16.04310581580509
2020-11-12,16.048528722039613
2020-11-13,15.930291746995445
2020-11-16,16.187044856574186
2020-11-17,16.280931424861688
2020-11-18,16.43211129494235
2020-11-19,16.737958937589788
2020-11-20,16.498731553734846
2020-11-23,16.67740230622399
2020-11-24,16.77545098685121
2020-11-25,17.098992513694384
2020-11-27,17.232851750784814
2020-11-30,17.626122545671173
2020-12-01,17.75921340912626
2020-12-02,17.824585054614232
2020-12-03,17.739075639210505
2020-12-04,17.985861338679033
2020-12-07,18.290671493611576
2020-12-08,18.13203513656441
2020-12-09,17.436106199622316
2020-12-10,17.71038475974288
2020-12-11,17.648162682471217
2020-12-14,18.225101597808802
2020-12-15,18.392862681415203
2020-12-16,18.311885284678116
2020-12-17,18.536221640456997
2020-12-18,18.64119688302413
2020-12-21,18.224238477025217
2020-12-22,18.156219242215005
2020-12-23,17.887609142449143
2020-12-24,17.982865917495346
2020-12-28,17.960134464375102
2020-12-29,17.955870320949106
2020-12-30,18.279089629067887
2020-12-31,18.32002438738516
2021-01-04,18.40042384309003
2021-01-05,18.573216001680827
2021-01-06,18.084786355041338
2021-01-07,19.079888581829813
2021-01-08,19.3120036202701
2021-01-11,19.290067723374555
2021-01-12,19.256353041964314
2021-01-13,19.08749007981257
2021-01-14,18.81259585957063
2021-01-15,18.374028119827955
2021-01-19,18.658659664440812
2021-01-20,19.112971578335596
2021-01-21,19.479510811490588
2021-01-22,19.457361344098707
2021-01-25,19.655828916448595
2021-01-26,19.64190408372698
2021-01-27,18.716849209350254
2021-01-28,18.61545948268448
2021-01-29,18.23184752480718
2021-02-01,18.75157715975174
2021-02-02,19.175771585340105
2021-02-03,18.95184408349737
2021-02-04,19.041686446617653
2021-02-05,19.012555798980383
2021-02-08,19.669758747301497
2021-02-09,19.543002456049145
2021-02-10,19.655408931407894
2021-02-11,19.89575427392043
2021-02-12,19.89573710126201
2021-02-16,19.787275251652247
2021-02-17,19.476493741348488
2021-02-18,19.288446207052747
2021-02-19,19.35117376475389
2021-02-22,18.45138742180793
2021-02-23,18.288560718070002
2021-02-24,18.83919466507573
2021-02-25,17.680103450391954
2021-02-26,17.961667084529175
2021-03-01,18.43550026847432
2021-03-02,17.91783211135748
2021-03-03,17.13859811959131
2021-03-04,16.51148421971506
2021-03-05,16.531867831049418
2021-03-08,15.535626179121977
2021-03-09,16.847830563278244
2021-03-10,16.706706986124352
2021-03-11,17.443643839901377
2021-03-12,17.323493597696523
2021-03-15,17.678247374348246
2021-03-16,17.625062551342264
2021-03-17,17.76207431698778
2021-03-18,16.83882936818942
2021-03-19,17.01627081424956
2021-03-22,17.358955928591648
2021-03-23,17.159131319721997
2021-03-24,16.630542389162738
2021-03-25,16.55122352350032
2021-03-26,16.72378791609758
2021-03-29,16.717896861600746
2021-03-30,16.67790295510118
2021-03-31,17.25003055048827
2021-04-01,17.695874939333653
2021-04-05,17.95484292069017
2021-04-06,17.91439176235381
2021-04-07,17.996285235204027
2021-04-08,18.246368187588253
2021-04-09,18.206393391690032
2021-04-12,18.31561830955723
2021-04-13,18.904726942897412
2021-04-14,18.4144047448322
2021-04-15,19.162857558415823
2021-04-16,19.000188621412914
2021-04-19,18.58687679517977
2021-04-20,18.364210948847372
2021-04-21,18.571171048593392
2021-04-22,18.05614992409955
2021-04-23,18.551567792508326
2021-04-26,18.905233329546597
2021-04-27,18.669383182292258
2021-04-28,18.48097218864759
2021-04-29,18.436587074762492
2021-04-30,18.285456255174722
2021-05-03,17.845341880728945
2021-05-04,17.570382932582095
2021-05-05,17.5125450562657
2021-05-06,17.532343952282112
2021-05-07,17.781678335954144
2021-05-10,17.053941000495595
2021-05-11,17.12056528377997
2021-05-12,16.538437564236695
2021-05-13,16.32545136204947
2021-05-14,16.79866369838952
2021-05-17,16.692361378697917
2021-05-18,16.598798993114674
2021-05-19,16.7086893126553
2021-05-20,17.251974496593355
2021-05-21,17.28644620360007
2021-05-24,17.705703149535594
2021-05-25,17.73783203084458
2021-05-26,17.86638516198547
2021-05-27,17.861951300871464
2021-05-28,18.266349006580946
2021-06-01,18.299961793449704
2021-06-02,18.51686643434073
2021-06-03,18.261987703060107
2021-06-04,18.762392219024463
2021-06-07,18.76634029664309
2021-06-08,18.65087330916682
2021-06-09,18.49443189891125
2021-06-10,18.70784614085992
2021-06-11,18.85721186596258
2021-06-14,19.042521583853883
2021-06-15,18.74430927553742
2021-06-16,18.74318604899346
2021-06-17,19.501239468710594
2021-06-18,19.525648545130146
2021-06-21,19.263071254031722
2021-06-22,19.580077879476313
2021-06-23,19.83579196648372
2021-06-24,20.19964852994846
2021-06-25,20.078538248240434
2021-06-28,20.688962579421112
2021-06-29,20.86260796878236
2021-06-30,21.15663093921013
2021-07-01,21.19232850997251
2021-07-02,21.409034469278616
2021-07-06,21.428709516285956
2021-07-07,20.90613216517793
2021-07-08,20.67808109826722
2021-07-09,20.88275477161539
2021-07-12,21.207278566695116
2021-07-13,20.993556843036053
2021-07-14,20.695782103853468
2021-07-15,20.147912203500898
2021-07-16,19.65166137137426
2021-07-19,19.96147698557784
2021-07-20,20.000523152575727
2021-07-21,20.41713988176148
2021-07-22,20.58476259402557
2021-07-23,20.642288675500335
2021-07-26,20.580097068208865
2021-07-27,20.424157424783782
2021-07-28,21.074421638587285
2021-07-29,21.644767650278077
2021-07-30,21.883497267270066
2021-08-02,22.25732949215397
2021-08-03,22.564706549066326
2021-08-04,23.245886936564933
2021-08-05,22.95615895480977
2021-08-06,22.587967153566495
2021-08-09,22.43325799772195
2021-08-10,22.169592941569306
2021-08-11,22.144173243602047
2021-08-12,22.198127513572338
2021-08-13,22.615463337162474
2021-08-16,22.16154418379519
2021-08-17,21.86380347313493
2021-08-18,21.487674251132624
2021-08-19,21.834361218498074
2021-08-20,22.357048782475832
2021-08-23,23.2786741735373
2021-08-24,23.137473764936342
2021-08-25,23.34600080145905
2021-08-26,23.180288613728738
2021-08-27,23.820136118216016
2021-08-30,23.95642185637076
2021-08-31,23.821713126724394
2021-09-01,23.825437881455215
2021-09-02,23.7641072897784
2021-09-03,24.02055976661908
2021-09-07,24.041919511434173
2021-09-08,23.687600245813805
2021-09-09,23.5903129141239
2021-09-10,23.568054438969778
2021-09-13,23.403005540107024
2021-09-14,23.474784775075015
2021-09-15,23.592325919975636
2021-09-16,23.61450205815179
2021-09-17,23.323440179813424
2021-09-20,22.624261308601753
2021-09-21,22.79740295147325
2021-09-22,23.3371672129179
2021-09-23,23.71039102470869
2021-09-24,23.617172722741913
2021-09-27,23.704881866887714
2021-09-28,22.699758579336503
2021-09-29,22.614835500552395
2021-09-30,22.894514678977814
2021-10-01,22.8860639098301
2021-10-04,22.293293668922065
2021-10-05,22.830007575777294
2021-10-06,23.099818415794633
2021-10-07,23.490038367893256
2021-10-08,23.253034497402137
2021-10-11,23.17636515857195
2021-10-12,23.234093961479182
2021-10-13,23.692455107711886
2021-10-14,24.299534817167213
2021-10-15,24.45722746092893
2021-10-18,25.08567960057237
2021-10-19,25.09676455178367
2021-10-20,24.976311659169653
2021-10-21,25.681131362424264
2021-10-22,25.851983584726458
2021-10-25,26.78321355071849
2021-10-26,27.423964558197547
2021-10-27,27.314190346269953
2021-10-28,27.66124454174049
2021-10-29,28.07832676938521
2021-11-01,28.94358969211453
2021-11-02,29.188821618286944
2021-11-03,29.728211840037012
2021-11-04,31.529107093780937
2021-11-05,31.316670568498512
2021-11-08,32.52329970098533
2021-11-09,31.752099301646393
2021-11-10,30.746298337621386
2021-11-11,31.612030786828313
2021-11-12,31.73170200102998
2021-11-15,31.382380323808366
2021-11-16,32.1264345544325
2021-11-17,31.844180972329195
2021-11-18,33.084339552239356
2021-11-19,33.79457209316236
2021-11-22,33.14998877308658
2021-11-23,32.63669027952828
2021-11-24,33.65172171056681
2021-11-26,32.81221140972021
2021-11-29,34.36776021343885
2021-11-30,33.75050084015497
2021-12-01,32.24212578380927
2021-12-02,32.577089716042614
2021-12-03,31.144266747894523
2021-12-06,30.541674884593522
2021-12-07,32.222603508202845
2021-12-08,32.09779727836706
2021-12-09,30.65610483401457
2021-12-10,30.733173581523374
2021-12-13,29.288506884054613
2021-12-14,29.41741441357368
2021-12-15,31.235056816484235
2021-12-16,29.504682580750462
2021-12-17,29.242054484431414
2021-12-20,28.96286138082516
2021-12-21,30.357951810083943
2021-12-22,30.835427361277215
2021-12-23,31.383734789564112
2021-12-27,32.65598518910116
2021-12-28,32.2725961008328
2021-12-29,31.77486770603205
2021-12-30,31.295881885910273
2021-12-31,31.03281239826573
2022-01-03,32.41741294104549
2022-01-04,31.412580887885998
2022-01-05,29.69217493367423
2022-01-06,29.750472630033347
2022-01-07,28.806742771467015
2022-01-10,29.008790944529714
2022-01-11,29.60665205498075
2022-01-12,29.86703250448885
2022-01-13,28.484498926015977
2022-01-14,29.047166474434498
2022-01-18,28.079504222371916
2022-01-19,27.306840507964647
2022-01-20,26.40433025016886
2022-01-21,25.15312946399692
2022-01-24,24.893326494520544
2022-01-25,23.92140746899208
2022-01-26,24.17362765043169
2022-01-27,22.821943801227064
2022-01-28,23.48059719761938
2022-01-31,25.444870269623898
2022-02-01,25.803840968266627
2022-02-02,26.285601706176454
2022-02-03,25.363457886103927
2022-02-04,25.95824176721095
2022-02-07,26.015730089519327
2022-02-08,26.606061968056725
2022-02-09,27.692175876435005
2022-02-10,26.62006394885467
2022-02-11,24.63282989226631
2022-02-14,24.94413320428989
2022-02-15,26.673736393878112
2022-02-16,26.352582106233235
2022-02-17,24.861000576327815
2022-02-18,24.5587902488741
2022-02-22,24.3724624066324
2022-02-23,23.206196056246135
2022-02-24,24.547816443461354
2022-02-25,25.10428170650412
2022-02-28,25.65560456932143
2022-03-01,24.486928818564895
2022-03-02,25.192686467622146
2022-03-03,24.2722260621737
2022-03-04,23.70037192684699
2022-03-07,22.41161066812331
2022-03-08,22.736012557701848
2022-03-09,24.01368111526501
2022-03-10,23.40746234927516
2022-03-11,22.741573589485952
2022-03-14,22.09317660269695
2022-03-15,23.539421829978103
2022-03-16,24.855925028938312
2022-03-17,24.877368249266773
2022-03-18,25.886845870425226
2022-03-21,26.212360560643752
2022-03-22,26.429054486943095
2022-03-23,25.976605112459538
2022-03-24,27.59811231722744
2022-03-25,27.334133042386703
2022-03-28,27.983229747261486
2022-03-29,28.486685045208777
2022-03-30,27.714695088534246
2022-03-31,26.708907648838213
2022-04-01,26.416632625475092
2022-04-04,27.215011431883994
2022-04-05,26.035145827830114
2022-04-06,24.91449718496763
2022-04-07,24.868817070112613
2022-04-08,24.030193439115358
2022-04-11,23.010223091617167
2022-04-12,22.71956533779909
2022-04-13,23.396942251494274
2022-04-14,22.425764251144837
2022-04-18,22.79669617473985
2022-04-19,23.363485617245715
2022-04-20,22.13767028999589
2022-04-21,21.41111582785719
2022-04-22,20.978160670544348
2022-04-25,21.270268031562477
2022-04-26,19.757097505485017
2022-04-27,19.57272488558319
2022-04-28,20.534879356974685
2022-04-29,19.618870155190507
2022-05-02,20.561442868958906
2022-05-03,20.725541603317225
2022-05-04,21.89673110203409
2022-05-05,20.416830901163195
2022-05-06,20.39571855892705
2022-05-09,18.613488599429335
2022-05-10,19.161509931833102
2022-05-11,18.342370485040313
2022-05-12,18.110536352633478
2022-05-13,19.599159337877655
2022-05-16,19.135727438441688
2022-05-17,20.352017297063068
2022-05-18,19.031017068926214
2022-05-19,19.108932178751772
2022-05-20,18.49851023828416
2022-05-23,18.718087113844398
2022-05-24,17.88359961943771
2022-05-25,18.506098118500695
2022-05-26,19.586621713200095
2022-05-27,20.54810243891631
2022-05-31,20.459384850117267
2022-06-01,20.15879626760287
2022-06-02,21.429376635503022
2022-06-03,20.534169418918765
2022-06-06,20.55163076889565
2022-06-07,20.617249623886636
2022-06-08,20.296033645918307
2022-06-09,19.737200793487784
2022-06-10,18.840659844729803
2022-06-13,17.400735443132092
2022-06-14,17.542810313880864
2022-06-15,18.219616390314055
2022-06-16,16.950190678626022
2022-06-17,17.086784342944988
2022-06-21,17.79484930463002
2022-06-22,17.713680886396382
2022-06-23,17.55951939087789
2022-06-24,18.47307647929306
2022-06-27,18.277650880952525
2022-06-28,17.301700905785633
2022-06-29,16.839719814869326
2022-06-30,16.495512648492582
2022-07-01,16.075638587994185
2022-07-05,16.46560619081381
2022-07-06,16.529881158956687
2022-07-07,17.343046962127136
2022-07-08,17.415040708172217
2022-07-11,16.667715259576493
2022-07-12,16.563710716601072
2022-07-13,16.74668136539102
2022-07-14,16.926334729571334
2022-07-15,17.370443209152143
2022-07-18,17.536171498547724
2022-07-19,18.37058960074156
2022-07-20,19.052304630762087
2022-07-21,19.646010456102726
2022-07-22,19.114758147436458
2022-07-25,18.896889889310852
2022-07-26,18.376774513177782
2022-07-27,19.52185679172488
2022-07-28,19.829402097533784
2022-07-29,20.331809157700217
2022-08-01,20.624091747720975
2022-08-02,20.861636272620487
2022-08-03,21.063092864164226
2022-08-04,21.668801270045805
2022-08-05,21.16393576990699
2022-08-08,20.566770823194645
2022-08-09,19.80980562482573
2022-08-10,20.717346772079217
2022-08-11,20.464780784398094
2022-08-12,21.207955056456413
2022-08-15,21.477580657712043
2022-08-16,21.290063605191225
2022-08-17,20.84987771408809
2022-08-18,21.226895178474013
2022-08-19,20.402384302851676
2022-08-22,19.6551677498014
2022-08-23,19.770907185564692
2022-08-24,19.836399340255063
2022-08-25,20.486381713426322
2022-08-26,19.169435522099302
2022-08-29,18.732619365239017
2022-08-30,18.35548538719061
2022-08-31,18.020333557479308
2022-09-01,17.403274882495527
2022-09-02,17.037035857333372
2022-09-06,16.87342835388908
2022-09-07,17.22225118423608
2022-09-08,17.65293724300464
2022-09-09,18.19876510257229
2022-09-12,18.275010214970713
2022-09-13,16.86620575976359
2022-09-14,17.078052721562564
2022-09-15,16.97936160052894
2022-09-16,17.09333252057253
2022-09-19,17.276901555456256
2022-09-20,17.055851592553836
2022-09-21,16.877664437612886
2022-09-22,16.05108547435295
2022-09-23,15.675925359916974
2022-09-26,15.424210392724135
2022-09-27,15.663837004371771
2022-09-28,16.033990406146664
2022-09-29,15.191046569714711
2022-09-30,15.030577409129398
2022-10-03,15.112195870329364
2022-10-04,15.655827545489782
2022-10-05,15.551245509078512
2022-10-06,15.47905713784741
2022-10-07,14.050029918670083
2022-10-10,13.815447617818474
2022-10-11,13.603395249789724
2022-10-12,13.621839450974104
2022-10-13,14.009070353170568
2022-10-14,13.232399803594245
2022-10-17,13.919945808577728
2022-10-18,13.941745620809774
2022-10-19,14.076151828286404
2022-10-20,13.944603991807867
2022-10-21,14.354021567464258
2022-10-24,14.339253883398035
2022-10-25,15.004109369247198
2022-10-26,14.791793496631351
2022-10-27,14.806291474683324
2022-10-28,15.400216102276161
2022-10-31,15.085852029463192
2022-11-01,15.05298275439598
2022-11-02,14.592538437076252
2022-11-03,14.748585559105496
2022-11-04,15.098388302410422
2022-11-07,15.091588429915081
2022-11-08,15.223089216522173
2022-11-09,14.352333849900987
2022-11-10,16.1125131775193
2022-11-11,16.78961705540629
2022-11-14,16.822060758695397
2022-11-15,17.295936763395726
2022-11-16,16.57586009254606
2022-11-17,16.479521610185614
2022-11-18,16.28433652574532
2022-11-21,15.988899626381464
2022-11-22,16.544109006129553
2022-11-23,17.029677796808297
2022-11-25,16.800322852078967
2022-11-28,16.446101196589193
2022-11-29,16.355297198046955
2022-11-30,17.530719984696695
2022-12-01,17.648996128821796
2022-12-02,17.35498761498399
2022-12-05,16.92596593379868
2022-12-06,16.353625391591976
2022-12-07,16.3145259360042
2022-12-08,16.780447650224815
2022-12-09,16.71597143359545
2022-12-12,16.934799218312612
2022-12-13,17.177140921685705
2022-12-14,16.75517783055457
2022-12-15,16.157504796530297
2022-12-16,15.817447620343392
2022-12-19,15.602900438553949
2022-12-20,15.393434345132118
2022-12-21,15.826204971565318
2022-12-22,14.893995799531258
2022-12-23,14.847970446766407
2022-12-27,14.089873799123538
2022-12-28,14.006507909807647
2022-12-29,14.607950201266807
2022-12-30,14.644903653671776
2023-01-03,14.252603677053063
2023-01-04,14.620329802097993
2023-01-05,14.199039744729351
2023-01-06,14.684640947045944
2023-01-09,15.303151378602326
2023-01-10,15.508629026070366
2023-01-11,15.685915254774622
2023-01-12,16.04269433625771
2023-01-13,16.20092340321152
2023-01-17,16.66258726016082
2023-01-18,16.407505992917965
2023-01-19,15.866578519364424
2023-01-20,16.677990247576254
2023-01-23,17.92283632507091
2023-01-24,17.848797749130178
2023-01-25,17.912834781927604
2023-01-26,18.351983071712358
2023-01-27,18.80325505260861
2023-01-30,17.900638164546695
2023-01-31,18.35177563135472
2023-02-01,19.80150510244513
2023-02-02,20.500366067063954
2023-02-03,20.09518131764569
2023-02-06,19.96529243669343
2023-02-07,20.623350263589376
2023-02-08,20.596074622889244
2023-02-09,20.598189706803975
2023-02-10,19.826843194071596
2023-02-13,20.18821127933112
2023-02-14,21.077400252038526
2023-02-15,21.022324842787775
2023-02-16,20.113326665161292
2023-02-17,19.815804924022586
2023-02-21,19.175217255455408
2023-02-22,19.229074987817434
2023-02-23,20.607505513747377
2023-02-24,20.22377350757873
2023-02-27,20.54618419227877
2023-02-28,20.406477726496107
2023-03-01,20.10253214395888
2023-03-02,20.349747808195495
2023-03-03,20.835207231724375
2023-03-06,20.607948024622228
2023-03-07,20.460142998740867
2023-03-08,21.00864989169692
2023-03-09,20.41231940541916
2023-03-10,20.09486933712784
2023-03-13,20.06634109385246
2023-03-14,21.067590106692812
2023-03-15,21.284446122519856
2023-03-16,22.42100333337411
2023-03-17,22.494924912454216
2023-03-20,22.561995282480087
2023-03-21,22.7996698212922
2023-03-22,22.882859110640034
2023-03-23,23.509881875261804
2023-03-24,23.172917529736182
2023-03-27,22.971562936715998
2023-03-28,22.713191049682724
2023-03-29,23.15581245424743
2023-03-30,23.509778091505915
2023-03-31,23.886564184569586
2023-04-03,23.692166287953555
2023-04-04,23.384801763943766
2023-04-05,22.784520130010385
2023-04-06,22.808638011034454
2023-04-10,23.250109828678635
2023-04-11,22.99498419893061
2023-04-12,22.47575084002309
2023-04-13,22.594266541362096
2023-04-14,22.634001954246408
2023-04-17,22.60996819248986
2023-04-18,22.84400675484845
2023-04-19,22.871930668261026
2023-04-20,22.32123585515676
2023-04-21,22.240256012648082
2023-04-24,22.118076560090504
2023-04-25,21.440655559738715
2023-04-26,21.773181197077378
2023-04-27,22.10423113510019
2023-04-28,22.54554322924476
2023-05-01,22.996558088409408
2023-05-02,22.636519235634076
2023-05-03,21.866243244381522
2023-05-04,22.15258010133537
2023-05-05,23.007865879362203
2023-05-08,23.64001166092508
2023-05-09,23.357545011894924
2023-05-10,23.649472198745556
2023-05-11,23.622153113334168
2023-05-12,23.321070471982246
2023-05-15,23.703924861860862
2023-05-16,24.109887815713485
2023-05-17,24.82078472226943
2023-05-18,25.937990699115375
2023-05-19,25.644765443079894
2023-05-22,25.875327369760196
2023-05-23,25.63605107266333
2023-05-24,25.570034852585174
2023-05-25,29.5289361158952
2023-05-26,30.779695444048734
2023-05-30,31.257956596382876
2023-05-31,29.880350053573515
2023-06-01,30.78894864685164
2023-06-02,30.61391251933574
2023-06-05,30.59988705166373
2023-06-06,30.875315715812825
2023-06-07,29.979135707965888
2023-06-08,30.83405598720476
2023-06-09,31.40134119923163
2023-06-12,32.19566707361754
2023-06-13,32.618807586410746
2023-06-14,33.67781986298003
2023-06-15,33.30967074065452
2023-06-16,32.99301811538288
2023-06-20,33.55150399995231
2023-06-21,32.45053296120286
2023-06-22,32.389061257806574
2023-06-23,31.869167863369455
2023-06-26,30.809006101949972
2023-06-27,31.70249016647158
2023-06-28,31.51713349129907
2023-06-29,31.520094871962566
2023-06-30,32.42554224080626
2023-07-03,32.8814527999779
2023-07-05,32.72837420283474
2023-07-06,32.47084561508042
2023-07-07,32.57225988605777
2023-07-10,32.485060846150404
2023-07-11,32.41026704634133
2023-07-12,33.310682134957574
2023-07-13,34.34275729637788
2023-07-14,34.15243249032697
2023-07-17,34.92421873118751
2023-07-18,35.43150088023033
2023-07-19,35.13204352981441
2023-07-20,33.47519571002454
2023-07-21,32.9839652708063
2023-07-24,33.21573762644543
2023-07-25,33.79718300567183
2023-07-26,33.40633306238254
2023-07-27,33.50460700979245
2023-07-28,34.19161692185926
2023-07-31,34.35532125789744
2023-08-01,34.461052260326866
2023-08-02,32.76731016821252
2023-08-03,33.211576404770305
2023-08-04,33.398214811339614
2023-08-07,33.79984446362671
2023-08-08,33.17084223858238
2023-08-09,31.92030368010769
2023-08-10,31.86813191475651
2023-08-11,30.963205582154707
2023-08-14,32.47891392328239
2023-08-15,32.37351196137698
2023-08-16,31.728652708000613
2023-08-17,31.317233087880805
2023-08-18,31.32760082032467
2023-08-21,33.30242683799516
2023-08-22,32.621446031562165
2023-08-23,33.628743043712554
2023-08-24,32.85566169979633
2023-08-25,32.58252156101569
2023-08-28,32.963970872544294
2023-08-29,34.34314066498339
2023-08-30,34.603730237207294
2023-08-31,34.64806120184248
2023-09-01,34.33668477118284
2023-09-05,34.643455715422576
2023-09-06,33.86610775803719
2023-09-07,33.29188152559705
2023-09-08,32.94732913662552
2023-09-11,33.08959451877408
2023-09-12,32.81097350173751
2023-09-13,33.214147314408784
2023-09-14,33.22648420855076
2023-09-15,32.09671007238488
2023-09-18,32.050690590303034
2023-09-19,31.838826113574203
2023-09-20,31.104170141473485
2023-09-21,30.154416866623034
2023-09-22,30.27280768170764
2023-09-25,30.66291135609385
2023-09-26,30.336052379287565
2023-09-27,30.66052544339083
2023-09-28,31.364484964914
2023-09-29,31.58658605653114
2023-10-02,32.16874257879844
2023-10-03,31.303136888351283
2023-10-04,32.02893362436798
2023-10-05,32.166794389781
2023-10-06,33.00308081042996
2023-10-09,32.8157894712713
2023-10-10,33.18565787735131
2023-10-11,33.52782202602225
2023-10-12,33.60570644143989
2023-10-13,32.56582449272422
2023-10-16,33.01807942135185
2023-10-17,32.017926915456016
2023-10-18,30.9036972779791
2023-10-19,30.75906121742532
2023-10-20,30.288410465952232
2023-10-23,30.82666332059165
2023-10-24,31.3505560127979
2023-10-25,30.052659785503653
2023-10-26,29.1284310229908
2023-10-27,29.425839453634353
2023-10-30,29.588596304963506
2023-10-31,29.665266265256783
2023-11-01,31.11703937504681
2023-11-02,31.801258512622304
2023-11-03,32.80134007118339
2023-11-06,33.05677275809602
2023-11-07,33.33842162314265
2023-11-08,33.62873272645193
2023-11-09,33.59922248878666
2023-11-10,34.73625245224039
2023-11-13,34.80694665429523
2023-11-14,35.70571855421112
2023-11-15,35.39215511198335
2023-11-16,35.62640048687895
2023-11-17,35.655114064807485
2023-11-20,36.25286332317148
2023-11-21,35.94007254397029
2023-11-22,35.60121618556001
2023-11-24,35.24961216341656
2023-11-27,35.41012152703258
2023-11-28,35.331960720859385
2023-11-29,35.54297958331573
2023-11-30,34.698391468719294
2023-12-01,34.67204533441926
2023-12-04,33.85804035302564
2023-12-05,34.28976896235509
2023-12-06,33.70662604628518
2023-12-07,35.10925344513994
2023-12-08,35.57961830598508
2023-12-11,35.77976161510642
2023-12-12,36.48993772555529
2023-12-13,36.83877396173682
2023-12-14,37.08237832951175
2023-12-15,37.47204505012903
2023-12-18,37.996527516535885
2023-12-19,37.993375448901595
2023-12-20,36.83016658516355
2023-12-21,37.65593832876267
2023-12-22,37.51225020959324
2023-12-26,38.06933300182369
2023-12-27,38.38047648372227
2023-12-28,38.498062579213766
2023-12-29,38.30577416723582
2024-01-02,36.96999993645183
2024-01-03,36.30488064547874
2024-01-04,36.51851473866394
2024-01-05,37.139858653097406
2024-01-08,39.09899083499685
2024-01-09,39.61058316836846
2024-01-10,40.00464923357942
2024-01-11,40.15590896450962
2024-01-12,39.90319157701043
2024-01-16,41.46472008156628
2024-01-17,41.355233595617264
2024-01-18,42.01156097761215
2024-01-19,43.954152052970116
2024-01-22,43.54903056927423
2024-01-23,43.69630259652817
2024-01-24,45.27589182729187
2024-01-25,45.20635676760248
2024-01-26,44.7348263297889
2024-01-29,45.500527340778504
2024-01-30,45.12902676357733
2024-01-31,44.19607350780783
2024-02-01,45.07628890942218
2024-02-02,46.883331392483754
2024-02-05,47.8204386334613
2024-02-06,46.89365432305565
2024-02-07,47.98482546000335
2024-02-08,47.74307145291105
2024-02-09,49.05128409995992
2024-02-12,48.929105894395576
2024-02-13,48.757440603676415
2024-02-14,50.18281248616951
2024-02-15,49.76688166926936
2024-02-16,49.44837914833447
2024-02-20,47.421525154136
2024-02-21,46.53824188859087
2024-02-22,52.503699934510315
2024-02-23,52.10341954120487
2024-02-26,52.31805051163326
2024-02-27,52.346709760722355
2024-02-28,51.82199781909013
2024-02-29,53.641376661150865
2024-03-01,55.930757584950264
2024-03-04,57.10380412807906
2024-03-05,57.08582675388383
2024-03-06,58.53892828569279
2024-03-07,60.35864831707348
2024-03-08,57.76016563534698
2024-03-11,56.37540167891022
2024-03-12,59.17758318987178
2024-03-13,57.988473020905154
2024-03-14,56.16704603057914
2024-03-15,56.3566855097027
2024-03-18,56.765186401847586
2024-03-19,56.42560794129207
2024-03-20,56.849263629450164
2024-03-21,57.27810524994182
2024-03-22,58.489966223958696
2024-03-25,58.71555928430645
2024-03-26,57.724475568272815
2024-03-27,56.87590505320404
2024-03-28,56.91865699792736
2024-04-01,57.204782827673895
2024-04-02,56.35428728131783
2024-04-03,56.45186939793755
2024-04-04,54.01116023194235
2024-04-05,55.226012809300265
2024-04-08,54.91202162943627
2024-04-09,54.27928143700626
2024-04-10,54.58435927169611
2024-04-11,56.45744816188409
2024-04-12,54.80175636255031
2024-04-15,53.45115835419906
2024-04-16,54.2668469531129
2024-04-17,52.085612182681814
2024-04-18,52.28246230793574
2024-04-19,47.91312125903905
2024-04-22,49.35086597439936
2024-04-23,50.955544971580444
2024-04-24,49.98769499686234
2024-04-25,51.53746031146784
2024-04-26,53.897169470653694
2024-04-29,54.45015871263843
2024-04-30,53.51586427991492
2024-05-01,50.96778936143595
2024-05-02,52.25821619151894
2024-05-03,53.9240062430728
2024-05-06,55.8276746377238
2024-05-07,55.023020051338634
2024-05-08,54.92204666581017
2024-05-09,54.10174232260687
2024-05-10,54.517452094555225
2024-05-13,54.70177941096538
2024-05-14,55.42749696487256
2024-05-15,57.279196687786644
2024-05-16,57.344025729291594
2024-05-17,56.78009613375207
2024-05-20,57.91610985561014
2024-05-21,58.20086113383396
2024-05-22,57.948635841301666
2024-05-23,60.97980827386861
2024-05-24,62.63387024617081
2024-05-28,65.96490749206536
2024-05-29,65.81884193761177
2024-05-30,64.17512402624928
2024-05-31,63.73685870217048
2024-06-03,65.54966856305711
2024-06-04,65.84241389649338
2024-06-05,68.93339508002357
2024-06-06,68.41558939662507
2024-06-07,68.42967294975514
2024-06-10,68.25337771085503
2024-06-11,67.81479824521139
2024-06-12,69.78124338898789
2024-06-13,71.95871167172518
2024-06-14,72.95629093856421
2024-06-17,72.8488417226383
2024-06-18,74.34609959711841
2024-06-20,72.76663477122058
2024-06-21,70.94873251441831
2024-06-24,67.30596843520425
2024-06-25,70.53338444503541
2024-06-26,70.620559948573
2024-06-27,69.83772775632801
2024-06-28,69.87017871612184
2024-07-01,70.0628980069997
2024-07-02,70.26100533906774
2024-07-03,72.82187572325088
2024-07-05,72.49851692008573
2024-07-08,74.03375593814584
2024-07-09,75.28181419617134
2024-07-10,77.20155609808488
2024-07-11,73.58424090510064
2024-07-12,74.35804763084555
2024-07-15,74.02964865118871
2024-07-16,73.04457250174254
2024-07-17,67.94732712529364
2024-07-18,68.98813258427067
2024-07-19,67.17897561016501
2024-07-22,70.02916863282033
2024-07-23,69.47650567703676
2024-07-24,64.76892699006552
2024-07-25,63.52244447892101
2024-07-26,63.98781136145645
2024-07-29,63.50801707730458
2024-07-30,60.00506446976489
2024-07-31,66.23447521142731
2024-08-01,61.74121051158655
2024-08-02,60.73259428278324
2024-08-05,57.98044227851172
2024-08-06,59.248116910990504
2024-08-07,56.746133362628505
2024-08-08,60.089300729120076
2024-08-09,59.92893646475975
2024-08-12,61.7828197138648
2024-08-13,65.29082910055638
2024-08-14,66.03050096860784
2024-08-15,68.77465810319174
2024-08-16,69.61052704828757
2024-08-19,72.45595953293807
2024-08-20,71.42979066516361
2024-08-21,72.05276978986461
2024-08-22,69.42941430808233
2024-08-23,72.11608481041633
2024-08-26,70.36074387818589
2024-08-27,71.14005370330162
2024-08-28,69.60175237784863
2024-08-29,66.3662371362889
2024-08-30,67.56399432143888
2024-09-03,61.8220825293615
2024-09-04,61.569670918288544
2024-09-05,61.99699248866948
2024-09-06,59.221377511293134
2024-09-09,61.143449462584876
2024-09-10,62.41841868821818
2024-09-11,66.70483143793622
2024-09-12,67.82928689527779
2024-09-13,68.03901966654652
2024-09-16,66.97618978679078
2024-09-17,66.43458577785546
2024-09-18,65.27169836873809
2024-09-19,68.09221599447488
2024-09-20,67.27264151702768
2024-09-23,67.65080686336462
2024-09-24,69.76464356698294
2024-09-25,71.13937411584797
2024-09-26,71.73215117230266
2024-09-27,70.40885122725032
2024-09-30,70.42443502346482
2024-10-01,68.17306871524639
2024-10-02,68.87106612046139
2024-10-03,70.58370320140232
2024-10-04,72.28488124189224
2024-10-07,73.1738521856236
2024-10-08,75.60827737748784
2024-10-09,75.45942347957302
2024-10-10,75.7805755625673
2024-10-11,75.6534369119482
2024-10-14,76.75264724812261
2024-10-15,73.38587481503127
2024-10-16,75.00992048479957
2024-10-17,75.53030174809352
2024-10-18,76.2050837005468
2024-10-21,78.62841614021042
2024-10-22,78.23968686004292
2024-10-23,76.31333784393617
2024-10-24,77.30938811455869
2024-10-25,78.1200913122215
2024-10-28,77.85786798540838
2024-10-29,78.7669122928389
2024-10-30,76.58397704214192
2024-10-31,73.3962296323947
2024-11-01,74.25126083805414
2024-11-04,74.32969256091393
2024-11-05,76.19312972455063
2024-11-06,79.40174304715521
2024-11-07,81.3201296250395
2024-11-08,81.006410751199
2024-11-11,80.36048658185092
2024-11-12,80.99442521177738
2024-11-13,79.88250235147349
2024-11-14,79.74534875903194
2024-11-15,77.51700394663457
2024-11-18,77.44732881998577
2024-11-19,80.3983581660301
2024-11-20,79.77317447885991
2024-11-21,80.11069939290334
2024-11-22,78.48308547639492
2024-11-25,76.02614562363159
2024-11-26,76.14998936901146
2024-11-27,75.25587061622124
2024-11-29,76.73676207950304
2024-12-02,77.54889233853412
2024-12-03,78.16366802400478
2024-12-04,80.4265029706709
2024-12-05,80.38136150720304
2024-12-06,79.651254570039
2024-12-09,77.54190469289999
2024-12-10,75.83048448287964
2024-12-11,78.34206202812017
2024-12-12,77.40669076707931
2024-12-13,77.00547989464172
2024-12-16,76.97369356323651
2024-12-17,76.2360688870523
2024-12-18,74.3834245095858
2024-12-19,74.78737178314677
2024-12-20,76.28049480016043
2024-12-23,79.03052392850721
2024-12-24,80.03845436962908
2024-12-26,79.8010602153201
2024-12-27,78.20427220292754
2024-12-30,77.84225908151811
2024-12-31,76.15001366085265
2025-01-02,77.38406440446379
2025-01-03,80.6020567461345
2025-01-06,82.97479295037759
2025-01-07,78.72250259852204
2025-01-08,78.30385542506214
2025-01-10,75.94791010317749
2025-01-13,75.12595520791285
2025-01-14,74.29505229066959
2025-01-15,76.94681531791451
2025-01-16,75.57941753719138
2025-01-17,77.84795938948824
2025-01-21,79.2198895771618
2025-01-22,82.03757222234783
2025-01-23,82.11792105093687
2025-01-24,80.25463209311786
2025-01-27,69.0481316449158
2025-01-28,73.30303205282067
2025-01-29,71.32109473739662
2025-01-30,72.13101809741195
2025-01-31,70.2781871863352
2025-02-03,68.44899431914618
2025-02-04,69.90612649579967
2025-02-05,71.86544260135159
2025-02-06,73.20979876177934
2025-02-07,73.16561517873689
2025-02-10,74.97580730396594
2025-02-11,74.33382900254169
2025-02-12,73.9334594138601
2025-02-13,75.90999439270598
2025-02-14,77.42473527180383
2025-02-18,77.52663868576059
2025-02-19,77.61202903020822
2025-02-20,77.72338978282333
2025-02-21,74.74227033792184
2025-02-24,72.51574507083184
2025-02-25,70.22222602455611
2025-02-26,72.22373933938782
2025-02-27,66.87685479879113
2025-02-28,69.05237391002144
2025-03-03,64.23187528610144
2025-03-04,65.01286269736917
2025-03-05,65.85447915873377
2025-03-06,62.17289703915888
2025-03-07,63.36285110385421
2025-03-10,59.95563402163642
2025-03-11,61.01481376032818
2025-03-12,64.51152195717314
2025-03-13,63.970077448539826
2025-03-14,66.92697661636899
2025-03-17,66.2916127673847
2025-03-18,64.21068060674811
2025-03-19,65.64561665603671
2025-03-20,65.98542979590323
2025-03-21,65.83374063360688
2025-03-24,68.30796569559854
2025-03-25,68.26882912618174
2025-03-26,64.66221905214516
2025-03-27,63.364590006990326
2025-03-28,62.04780966200333
2025-03-31,61.40006909273826
2025-04-01,62.238841941882
2025-04-02,62.655222522062935
2025-04-03,57.89621509783052
2025-04-04,53.536581557651616
2025-04-07,54.822072334119824
2025-04-08,53.774517054393684
2025-04-09,63.90712924013319
2025-04-10,59.985739466080545
2025-04-11,61.85296090498965
2025-04-14,61.829055293152194
2025-04-15,62.69679310334389
2025-04-16,58.79105393502745
2025-04-17,57.510568913672444
2025-04-21,55.31953900992265
2025-04-22,56.579775632729365
2025-04-23,58.765535626205214
2025-04-24,61.083804182886624
2025-04-25,63.51709228548191
2025-04-28,62.642932929681095
2025-04-29,62.852838077171256
2025-04-30,62.825082379483455
2025-05-01,63.92339996444639
2025-05-02,65.54294363432686
2025-05-05,65.16337161281538
2025-05-06,64.8393399621065
2025-05-07,66.54589436486941
2025-05-08,66.90220522016082
2025-05-09,66.87700785839816
2025-05-12,70.21744910387098
2025-05-13,73.84197593227367
2025-05-14,76.61654248970129
2025-05-15,76.26156510217379
2025-05-16,76.72316635220581
2025-05-19,76.5415854802009
2025-05-20,76.0226948137053
2025-05-21,74.73440156899511
2025-05-22,75.11970258056624
2025-05-23,74.40794117613783
2025-05-27,76.96508060983159
2025-05-28,76.54499808950746
2025-05-29,78.2750551488253
2025-05-30,76.41726895284735
2025-06-02,77.7318437629236
2025-06-03,79.63876572181725
2025-06-04,80.01659484950558
2025-06-05,78.40598380053113
2025-06-06,78.97770152233808
2025-06-09,79.81698358660705
2025-06-10,80.62156166164114
2025-06-11,80.25051508628965
2025-06-12,80.85870811530609
2025-06-13,79.40524404408535
2025-06-16,81.42566412083508
2025-06-17,81.0041683702736
2025-06-18,81.64367188528891
2025-06-20,81.11722000838986
2025-06-23,81.87185938807687
2025-06-24,84.20724664531284
2025-06-25,86.9523355673613
2025-06-26,87.46762877968982
2025-06-27,88.58251705837998
2025-06-30,88.64328364229425
2025-07-01,85.71314962828795
2025-07-02,87.73587872980225
2025-07-03,88.67161681967207
