Customer_ID,Asset_Type,Asset_Name,Units_Held,Purchase_Price,Current_Price,Purchase_Date
CUST0001,Crypto,BTC,2,51144.103038553796,7498.637132131516,2024-01-11
CUST0001,Crypto,ETH,4,50691.10510471367,49063.151151860075,2023-11-20
CUST0001,Government,US_Treasury,28,100.0,104.11513522240347,2016-12-22
CUST0001,Government,German_Bund,46,100.0,103.97667318407923,2021-08-18
CUST0001,Gold,Gold_Bullion,1,1824.9255609434435,1266.58361937586,2022-05-09
CUST0001,Gold,SPDR_Gold_ETF,12,2382.5308869355276,2356.673440237537,2024-12-28
CUST0002,Crypto,BTC,5,31534.69613610093,34231.98319252423,2022-02-04
CUST0002,Crypto,ETH,4,53368.59303229929,41453.929689697325,2018-12-12
CUST0002,Government,US_Treasury,8,100.0,101.64989474184026,2015-06-09
CUST0002,Government,German_Bund,16,100.0,98.3831285541871,2022-08-10
CUST0002,Gold,Gold_Bullion,14,1387.2039456963619,1681.1497991223177,2021-03-04
CUST0002,Gold,SPDR_Gold_ETF,18,2213.2088660286004,1783.9783367698958,2022-07-24
CUST0003,Crypto,BTC,8,11630.461505785262,13862.91956418077,2018-01-30
CUST0003,Crypto,ETH,2,42890.13704296771,18096.848809514977,2018-05-14
CUST0003,Government,US_Treasury,47,100.0,102.90237895150406,2015-09-15
CUST0003,Government,German_Bund,13,100.0,104.1581315833321,2017-02-11
CUST0003,Gold,Gold_Bullion,2,2236.995110432462,1409.3591993708364,2020-02-14
CUST0003,Gold,SPDR_Gold_ETF,7,2198.32236712525,1413.5534530737548,2020-10-17
CUST0004,Crypto,BTC,6,18020.635785613442,39521.09482811723,2019-04-13
CUST0004,Crypto,ETH,4,16538.813520448748,57031.51041253597,2021-06-13
CUST0004,Government,US_Treasury,5,100.0,104.33907980981246,2019-05-21
CUST0004,Government,German_Bund,46,100.0,98.19827822855848,2019-08-23
CUST0004,Gold,Gold_Bullion,7,2349.5341323142616,2325.2047037595894,2024-11-05
CUST0004,Gold,SPDR_Gold_ETF,11,1432.6662463647654,1254.4543137667765,2020-02-23
CUST0005,Crypto,BTC,3,20522.7612099768,58167.42333312522,2024-05-06
CUST0005,Crypto,ETH,0,5692.230668408973,2850.6939310652797,2021-04-23
CUST0005,Government,US_Treasury,47,100.0,101.94564112732982,2021-04-09
CUST0005,Government,German_Bund,15,100.0,99.66890054625333,2024-08-12
CUST0005,Gold,Gold_Bullion,17,2208.256511339975,2088.3083969825316,2017-12-23
CUST0005,Gold,SPDR_Gold_ETF,19,2029.4988332444323,1970.5786730039185,2013-05-26
CUST0006,Crypto,BTC,5,47094.179763431355,34811.858731673754,2023-01-07
CUST0006,Crypto,ETH,3,6090.340711636092,14023.524495884147,2019-06-11
CUST0006,Government,US_Treasury,31,100.0,97.72211789422572,2020-03-30
CUST0006,Government,German_Bund,20,100.0,104.13483060782107,2023-11-03
CUST0006,Gold,Gold_Bullion,2,1228.1218911687633,1311.5218069953858,2021-09-24
CUST0006,Gold,SPDR_Gold_ETF,5,1280.8462715530984,2393.587989559274,2010-07-09
CUST0007,Crypto,BTC,1,42713.369238138235,53553.779470010566,2020-12-15
CUST0007,Crypto,ETH,9,11868.732438664481,33914.25055912682,2021-04-18
CUST0007,Government,US_Treasury,4,100.0,104.05164265614353,2021-04-08
CUST0007,Government,German_Bund,8,100.0,104.59759901861652,2021-02-15
CUST0007,Gold,Gold_Bullion,11,1951.823694512714,1948.4264011520017,2021-09-20
CUST0007,Gold,SPDR_Gold_ETF,14,1959.2657621324333,2280.3630280376665,2022-03-19
CUST0008,Crypto,BTC,7,41131.508493578636,23725.06824874507,2020-06-09
CUST0008,Crypto,ETH,8,52519.261906334876,15899.220633815336,2020-06-07
CUST0008,Government,US_Treasury,43,100.0,103.4024698385603,2022-05-26
CUST0008,Government,German_Bund,48,100.0,95.92473492542034,2024-09-13
CUST0008,Gold,Gold_Bullion,18,2266.878475175241,1601.7297481330816,2023-05-19
CUST0008,Gold,SPDR_Gold_ETF,14,1354.4302203786258,1437.3344931423117,2020-05-27
CUST0009,Crypto,BTC,5,10662.318040263797,52315.62510095469,2019-02-27
CUST0009,Crypto,ETH,2,33128.266979373904,6913.9953095619885,2019-11-28
CUST0009,Government,US_Treasury,21,100.0,98.08907264192986,2017-06-01
CUST0009,Government,German_Bund,16,100.0,102.21841600097623,2019-08-25
CUST0009,Gold,Gold_Bullion,17,1224.315721301366,2228.85209646173,2014-01-29
CUST0009,Gold,SPDR_Gold_ETF,12,2410.343336393289,1944.7973948125684,2021-10-24
CUST0010,Crypto,BTC,7,57120.36592646959,53179.07561203922,2020-05-30
CUST0010,Crypto,ETH,6,48544.030640999634,3894.6667128409563,2024-12-29
CUST0010,Government,US_Treasury,49,100.0,95.79763560544853,2023-07-14
CUST0010,Government,German_Bund,8,100.0,98.9454813897504,2021-01-27
CUST0010,Gold,Gold_Bullion,2,2338.39429739994,1291.8319320560313,2018-02-16
CUST0010,Gold,SPDR_Gold_ETF,15,1860.91922290301,2392.668694351798,2021-12-18
CUST0011,Crypto,BTC,5,34305.463454287754,13468.39400012555,2021-12-05
CUST0011,Crypto,ETH,2,21792.951250786304,36868.31240650592,2021-09-18
CUST0011,Government,US_Treasury,30,100.0,98.41151605999647,2017-12-11
CUST0011,Government,German_Bund,19,100.0,99.84354290646198,2023-04-28
CUST0011,Gold,Gold_Bullion,11,2175.5036482289534,2037.751509820719,2011-07-04
CUST0011,Gold,SPDR_Gold_ETF,16,2211.0647402078494,1772.690232755659,2024-12-11
CUST0012,Crypto,BTC,1,15295.254615533964,45310.469780671876,2020-02-05
CUST0012,Crypto,ETH,0,54703.18499794369,35844.961771002476,2018-12-21
CUST0012,Government,US_Treasury,25,100.0,98.7780344690278,2016-03-15
CUST0012,Government,German_Bund,26,100.0,97.15862831733477,2019-12-20
CUST0012,Gold,Gold_Bullion,18,2200.2871706342667,2113.2315933907093,2024-08-22
CUST0012,Gold,SPDR_Gold_ETF,18,2431.026605932873,2192.670853025418,2016-02-14
CUST0013,Crypto,BTC,7,37312.37207259466,8048.232215946948,2019-10-02
CUST0013,Crypto,ETH,5,3612.8872521763096,19606.529676411417,2020-11-06
CUST0013,Government,US_Treasury,18,100.0,96.29914652943077,2017-07-09
CUST0013,Government,German_Bund,8,100.0,103.20527820558459,2018-09-25
CUST0013,Gold,Gold_Bullion,3,1766.6559105519325,2303.3948663390865,2019-03-20
CUST0013,Gold,SPDR_Gold_ETF,2,1938.3968353821379,2331.5067388018606,2021-07-05
CUST0014,Crypto,BTC,1,27121.122923380233,52510.00059617457,2019-05-23
CUST0014,Crypto,ETH,5,58065.465379021225,28307.59906285333,2022-08-21
CUST0014,Government,US_Treasury,29,100.0,97.72487080874191,2022-02-01
CUST0014,Government,German_Bund,3,100.0,101.63432994543902,2016-09-20
CUST0014,Gold,Gold_Bullion,7,1320.5355033302064,2004.2603683487841,2015-04-22
CUST0014,Gold,SPDR_Gold_ETF,14,1483.5979772842597,1611.4020512871757,2014-10-10
CUST0015,Crypto,BTC,9,51648.33354706457,54185.45350290951,2018-03-23
CUST0015,Crypto,ETH,0,25823.00634258146,8732.324718816795,2019-03-02
CUST0015,Government,US_Treasury,16,100.0,103.97101232842822,2019-12-31
CUST0015,Government,German_Bund,36,100.0,99.30492749084145,2021-11-28
CUST0015,Gold,Gold_Bullion,9,2468.8323828031425,2347.8912314293784,2012-05-12
CUST0015,Gold,SPDR_Gold_ETF,18,1701.6726337057457,2372.0739175234594,2017-01-14
CUST0016,Crypto,BTC,0,55221.1870177286,59702.751278975855,2018-09-19
CUST0016,Crypto,ETH,9,37492.355826816616,57227.583764742274,2018-06-13
CUST0016,Government,US_Treasury,10,100.0,100.86969537948664,2016-09-19
CUST0016,Government,German_Bund,24,100.0,95.26705325383917,2015-10-30
CUST0016,Gold,Gold_Bullion,17,1210.8554178823883,2282.813372926813,2017-05-05
CUST0016,Gold,SPDR_Gold_ETF,11,1230.6550161452615,1453.0928883711022,2019-07-09
CUST0017,Crypto,BTC,7,6932.748147449569,57991.155601298684,2022-09-21
CUST0017,Crypto,ETH,8,34408.92810791574,26110.56707557517,2021-09-02
CUST0017,Government,US_Treasury,46,100.0,99.86532375265035,2019-05-27
CUST0017,Government,German_Bund,45,100.0,97.35538806684289,2024-09-29
CUST0017,Gold,Gold_Bullion,18,1749.5718677143577,1333.3580702768563,2022-03-02
CUST0017,Gold,SPDR_Gold_ETF,14,1762.5402821555726,2021.61640455086,2017-12-29
CUST0018,Crypto,BTC,8,19414.391324850465,43392.96729450539,2024-06-08
CUST0018,Crypto,ETH,8,21904.609498582748,43803.04308519656,2019-01-25
CUST0018,Government,US_Treasury,44,100.0,99.27499063243793,2015-06-02
CUST0018,Government,German_Bund,25,100.0,99.28045893152407,2016-03-18
CUST0018,Gold,Gold_Bullion,6,2039.9213917040775,1988.0380899342745,2022-09-28
CUST0018,Gold,SPDR_Gold_ETF,5,2123.8438838623874,1322.6506377312548,2022-03-02
CUST0019,Crypto,BTC,0,51167.430683182116,36696.45823780882,2018-12-20
CUST0019,Crypto,ETH,1,22967.011901403264,68168.54747976386,2020-03-03
CUST0019,Government,US_Treasury,10,100.0,102.68021826269329,2024-07-23
CUST0019,Government,German_Bund,1,100.0,99.72520953184117,2016-05-23
CUST0019,Gold,Gold_Bullion,14,1728.1065986348294,2414.1558208307724,2018-04-01
CUST0019,Gold,SPDR_Gold_ETF,1,2239.061478372972,1687.853997032889,2010-05-18
CUST0020,Crypto,BTC,8,47812.29233907351,21676.244510884593,2019-08-05
CUST0020,Crypto,ETH,6,26547.154163140283,32157.99250861952,2023-02-20
CUST0020,Government,US_Treasury,8,100.0,101.56470278066973,2021-05-15
CUST0020,Government,German_Bund,26,100.0,101.60996119979481,2019-03-17
CUST0020,Gold,Gold_Bullion,1,1622.048706895797,2068.5514144323042,2014-04-08
CUST0020,Gold,SPDR_Gold_ETF,13,1911.5891562748152,1724.4611220568888,2023-07-19
CUST0021,Crypto,BTC,4,27967.683681053055,48600.33518820805,2022-07-13
CUST0021,Crypto,ETH,2,15096.03078822983,45805.3030470698,2021-10-22
CUST0021,Government,US_Treasury,13,100.0,102.01149033831973,2021-03-31
CUST0021,Government,German_Bund,11,100.0,96.14391311806192,2017-08-11
CUST0021,Gold,Gold_Bullion,8,1200.5418698817293,1587.4023635159874,2014-02-15
CUST0021,Gold,SPDR_Gold_ETF,7,1851.1632144724422,2360.3781036102237,2014-06-12
CUST0022,Crypto,BTC,2,55935.15979336364,8567.072999620934,2024-04-15
CUST0022,Crypto,ETH,9,58053.06764560358,50227.03343165878,2019-09-27
CUST0022,Government,US_Treasury,28,100.0,103.16224242579355,2021-04-27
CUST0022,Government,German_Bund,45,100.0,99.79607378845701,2017-11-14
CUST0022,Gold,Gold_Bullion,18,1923.0651601781897,1758.1522885115228,2016-11-12
CUST0022,Gold,SPDR_Gold_ETF,19,1212.2904674716706,2131.6802728812295,2011-05-22
CUST0023,Crypto,BTC,4,55573.60841307762,63621.80587475289,2022-10-01
CUST0023,Crypto,ETH,9,5314.944083163882,16607.404480636393,2020-10-16
CUST0023,Government,US_Treasury,28,100.0,98.48010017872926,2022-10-03
CUST0023,Government,German_Bund,21,100.0,97.75956165428349,2024-04-12
CUST0023,Gold,Gold_Bullion,15,1499.560996472884,1717.286444810517,2014-04-24
CUST0023,Gold,SPDR_Gold_ETF,11,1992.2973262522403,1211.9989147080216,2011-09-08
CUST0024,Crypto,BTC,1,17694.40403894827,47492.36676787648,2019-06-09
CUST0024,Crypto,ETH,3,36629.86390328997,10708.349098244193,2022-05-24
CUST0024,Government,US_Treasury,40,100.0,101.43410093947067,2019-07-11
CUST0024,Government,German_Bund,34,100.0,103.88713172106495,2022-02-17
CUST0024,Gold,Gold_Bullion,7,1532.555015945019,2173.7426762486284,2012-01-22
CUST0024,Gold,SPDR_Gold_ETF,13,1670.7108988394218,1258.8959232894074,2017-03-28
CUST0025,Crypto,BTC,0,3318.7697128146574,68620.2071527498,2020-10-17
CUST0025,Crypto,ETH,5,44653.11294876418,28179.99326559352,2023-04-03
CUST0025,Government,US_Treasury,27,100.0,101.84262952136856,2021-12-10
CUST0025,Government,German_Bund,20,100.0,99.63073914515721,2019-08-13
CUST0025,Gold,Gold_Bullion,14,1479.1487569328272,1711.2345763988758,2019-01-27
CUST0025,Gold,SPDR_Gold_ETF,4,2128.680343351932,2103.364148856075,2020-04-07
CUST0026,Crypto,BTC,6,22558.899220824012,4935.4018142024215,2019-11-30
CUST0026,Crypto,ETH,9,33215.429189815586,26335.049853726134,2019-05-30
CUST0026,Government,US_Treasury,32,100.0,100.786228048577,2023-04-04
CUST0026,Government,German_Bund,29,100.0,97.97859151302075,2018-05-25
CUST0026,Gold,Gold_Bullion,15,1960.5243893131828,1995.7667014275412,2011-06-25
CUST0026,Gold,SPDR_Gold_ETF,14,2118.9037911772375,1380.2454217760544,2013-04-27
CUST0027,Crypto,BTC,9,30293.99845032378,2287.5742624082777,2024-10-29
CUST0027,Crypto,ETH,5,29407.51318142373,43094.73587908674,2020-07-03
CUST0027,Government,US_Treasury,4,100.0,97.24903152717249,2016-04-14
CUST0027,Government,German_Bund,21,100.0,96.92729852637135,2021-01-04
CUST0027,Gold,Gold_Bullion,7,2049.165533059909,1612.406703235319,2023-01-11
CUST0027,Gold,SPDR_Gold_ETF,3,1841.2382196981375,1953.919538891529,2014-10-16
CUST0028,Crypto,BTC,7,2034.0940474273948,67539.04795281647,2024-03-18
CUST0028,Crypto,ETH,7,29931.941873198364,29516.787896653033,2024-11-14
CUST0028,Government,US_Treasury,28,100.0,102.41627601586563,2024-10-28
CUST0028,Government,German_Bund,33,100.0,101.89414007763949,2024-12-15
CUST0028,Gold,Gold_Bullion,5,2306.5128429230544,1484.8679051761849,2021-04-18
CUST0028,Gold,SPDR_Gold_ETF,11,1259.8715221578636,1638.3217475647582,2012-11-08
CUST0029,Crypto,BTC,1,18671.159216127424,11379.899413704103,2018-04-09
CUST0029,Crypto,ETH,8,59439.21815417647,31340.033323757907,2018-06-10
CUST0029,Government,US_Treasury,20,100.0,97.00974367135294,2018-01-03
CUST0029,Government,German_Bund,12,100.0,99.81279390111783,2016-04-14
CUST0029,Gold,Gold_Bullion,6,1869.5277012904266,2300.122895015699,2015-01-19
CUST0029,Gold,SPDR_Gold_ETF,13,1210.2882528332618,2316.025559290363,2011-02-01
CUST0030,Crypto,BTC,1,25126.88392902449,53711.41878013786,2022-02-06
CUST0030,Crypto,ETH,1,44338.561357633465,29852.516429920157,2020-02-14
CUST0030,Government,US_Treasury,14,100.0,95.5606863018531,2019-08-10
CUST0030,Government,German_Bund,8,100.0,95.95608919699521,2015-08-15
CUST0030,Gold,Gold_Bullion,16,1221.5024559474907,2345.3805510719544,2022-08-05
CUST0030,Gold,SPDR_Gold_ETF,18,1880.8533668234477,2421.4996240113774,2017-06-09
CUST0031,Crypto,BTC,8,25795.57752992305,46314.764383916314,2020-02-26
CUST0031,Crypto,ETH,0,17616.189920643767,42700.94750996198,2023-03-25
CUST0031,Government,US_Treasury,24,100.0,103.36727436751045,2024-11-06
CUST0031,Government,German_Bund,35,100.0,99.45471185210415,2015-01-21
CUST0031,Gold,Gold_Bullion,10,2169.4271690948053,2092.1317200136787,2015-01-21
CUST0031,Gold,SPDR_Gold_ETF,18,1476.0072715859335,1575.7072006347123,2020-09-11
CUST0032,Crypto,BTC,1,43306.17929524895,34989.20170758516,2020-01-23
CUST0032,Crypto,ETH,8,24589.34010928014,38484.36967899786,2021-01-01
CUST0032,Government,US_Treasury,4,100.0,98.2858779566964,2018-04-24
CUST0032,Government,German_Bund,1,100.0,100.02250687864229,2016-08-06
CUST0032,Gold,Gold_Bullion,9,1827.5991967797602,1747.4120177031493,2021-06-29
CUST0032,Gold,SPDR_Gold_ETF,11,1923.389794709092,2426.623873031323,2010-12-01
CUST0033,Crypto,BTC,2,17612.459423164586,19130.076358303548,2019-03-14
CUST0033,Crypto,ETH,8,37213.202253315525,50631.2004185615,2018-04-09
CUST0033,Government,US_Treasury,43,100.0,102.47696939604108,2022-08-28
CUST0033,Government,German_Bund,12,100.0,100.32633909516183,2017-09-05
CUST0033,Gold,Gold_Bullion,6,1404.7744094200893,1376.1267661315128,2011-09-10
CUST0033,Gold,SPDR_Gold_ETF,15,1368.08337967855,1882.4059219317896,2010-01-30
CUST0034,Crypto,BTC,8,9980.451349861904,37689.33196644159,2023-05-25
CUST0034,Crypto,ETH,7,15698.453036376844,39842.67810310594,2024-03-03
CUST0034,Government,US_Treasury,11,100.0,102.49531352738981,2021-03-31
CUST0034,Government,German_Bund,45,100.0,98.66361875550086,2015-05-13
CUST0034,Gold,Gold_Bullion,18,1810.6512591784194,1659.8565178704916,2021-01-25
CUST0034,Gold,SPDR_Gold_ETF,17,1490.338378723674,2184.4173596211476,2022-10-21
CUST0035,Crypto,BTC,1,11758.156898605755,12389.662668015904,2023-06-11
CUST0035,Crypto,ETH,6,46048.00235954688,62317.705976883015,2019-09-20
CUST0035,Government,US_Treasury,23,100.0,98.12056764273031,2020-06-28
CUST0035,Government,German_Bund,12,100.0,97.53272971824391,2016-04-29
CUST0035,Gold,Gold_Bullion,4,2410.0723901815127,1755.6352187693137,2016-05-16
CUST0035,Gold,SPDR_Gold_ETF,9,1485.4641323429619,2246.6672103076726,2019-06-24
CUST0036,Crypto,BTC,4,18405.38809416776,38972.47905792716,2021-08-31
CUST0036,Crypto,ETH,1,30127.90730091943,63974.49480150938,2024-01-11
CUST0036,Government,US_Treasury,44,100.0,95.25482733144209,2022-08-20
CUST0036,Government,German_Bund,33,100.0,102.70571549401194,2022-03-04
CUST0036,Gold,Gold_Bullion,3,2108.1339871482455,1608.3705464738277,2017-03-07
CUST0036,Gold,SPDR_Gold_ETF,14,1516.3513376349385,1514.3476519836224,2022-12-07
CUST0037,Crypto,BTC,6,8175.7934275677535,14177.90682191846,2023-06-01
CUST0037,Crypto,ETH,1,59005.21701180717,8468.020896268035,2019-09-12
CUST0037,Government,US_Treasury,4,100.0,98.26195181403072,2022-01-10
CUST0037,Government,German_Bund,35,100.0,95.91140782491831,2015-11-16
CUST0037,Gold,Gold_Bullion,5,1201.9807444397159,1832.6491023590788,2017-12-05
CUST0037,Gold,SPDR_Gold_ETF,11,1404.9362373162157,2499.8161001699636,2015-04-02
CUST0038,Crypto,BTC,8,45021.355869877334,3685.317934976973,2020-09-15
CUST0038,Crypto,ETH,8,7324.91911421827,35030.98701865764,2018-09-22
CUST0038,Government,US_Treasury,2,100.0,104.840345108082,2024-08-13
CUST0038,Government,German_Bund,39,100.0,97.1465147283856,2020-04-10
CUST0038,Gold,Gold_Bullion,12,2176.7900551025295,2067.4634997710677,2021-08-02
CUST0038,Gold,SPDR_Gold_ETF,2,2121.26841665755,2192.3084951095007,2013-10-30
CUST0039,Crypto,BTC,6,6761.381374519507,5323.660415674631,2020-11-28
CUST0039,Crypto,ETH,3,51307.882317803625,65237.35542680047,2020-04-09
CUST0039,Government,US_Treasury,32,100.0,97.92094833572877,2019-07-31
CUST0039,Government,German_Bund,27,100.0,100.98819305565715,2015-09-06
CUST0039,Gold,Gold_Bullion,3,1654.5344532072916,1874.6341182360802,2010-02-10
CUST0039,Gold,SPDR_Gold_ETF,9,2020.260497255066,1954.955534336301,2019-11-06
CUST0040,Crypto,BTC,7,38060.63792056301,62575.50753005802,2024-10-21
CUST0040,Crypto,ETH,8,15016.97178984319,27869.631339136908,2019-12-28
CUST0040,Government,US_Treasury,5,100.0,95.42771844086707,2024-06-30
CUST0040,Government,German_Bund,14,100.0,96.90561071523415,2024-10-05
CUST0040,Gold,Gold_Bullion,10,2071.17528639361,1481.4562861959753,2023-08-10
CUST0040,Gold,SPDR_Gold_ETF,18,2053.602066694825,1856.3975170727124,2017-08-11
CUST0041,Crypto,BTC,8,38728.06181824985,26176.1544658383,2020-01-31
CUST0041,Crypto,ETH,6,41056.34359340965,31555.934895334532,2019-08-21
CUST0041,Government,US_Treasury,44,100.0,102.50320187366648,2024-02-13
CUST0041,Government,German_Bund,9,100.0,100.82521785523545,2018-11-28
CUST0041,Gold,Gold_Bullion,12,1441.0022900712725,1296.963366797964,2024-03-10
CUST0041,Gold,SPDR_Gold_ETF,9,1420.9724520329123,2004.8741410289226,2015-04-02
CUST0042,Crypto,BTC,1,40611.348837429534,56837.10998624499,2024-12-05
CUST0042,Crypto,ETH,9,18375.488429777284,51752.34711083408,2018-05-28
CUST0042,Government,US_Treasury,2,100.0,100.33174972030977,2016-08-19
CUST0042,Government,German_Bund,21,100.0,98.7265418268124,2021-07-31
CUST0042,Gold,Gold_Bullion,3,1805.8537725722736,2148.093522619999,2019-05-23
CUST0042,Gold,SPDR_Gold_ETF,7,2307.1701018054864,1916.530190727533,2020-02-13
CUST0043,Crypto,BTC,7,50358.194111002595,11518.478163330812,2019-08-19
CUST0043,Crypto,ETH,2,26900.94292661881,62470.85241176727,2023-10-23
CUST0043,Government,US_Treasury,1,100.0,100.62976930518185,2019-03-29
CUST0043,Government,German_Bund,33,100.0,103.62274589007161,2024-10-30
CUST0043,Gold,Gold_Bullion,12,2175.624333917359,1728.7483390083844,2020-05-19
CUST0043,Gold,SPDR_Gold_ETF,16,2221.2262960858106,2024.3491388016746,2019-09-24
CUST0044,Crypto,BTC,8,21495.3345994594,15146.984415868377,2018-12-28
CUST0044,Crypto,ETH,4,53111.681796992045,55092.89129284793,2022-10-14
CUST0044,Government,US_Treasury,9,100.0,98.15912111617202,2022-11-14
CUST0044,Government,German_Bund,48,100.0,102.32209118301834,2021-08-28
CUST0044,Gold,Gold_Bullion,17,1451.219812202752,2378.0479737405776,2017-09-02
CUST0044,Gold,SPDR_Gold_ETF,18,1347.1922646067069,1810.2701870947817,2021-12-02
CUST0045,Crypto,BTC,7,49218.358631121715,25584.65547949912,2021-07-07
CUST0045,Crypto,ETH,2,23483.796036569696,64097.44553637159,2023-06-19
CUST0045,Government,US_Treasury,29,100.0,100.75152752938999,2023-11-12
CUST0045,Government,German_Bund,9,100.0,104.08539875673411,2018-01-11
CUST0045,Gold,Gold_Bullion,19,2075.7506452896396,2171.615614764887,2019-05-10
CUST0045,Gold,SPDR_Gold_ETF,4,1353.623025441336,2125.5260260196105,2017-07-02
CUST0046,Crypto,BTC,7,45290.28115750989,56648.21577368137,2024-09-20
CUST0046,Crypto,ETH,3,25931.584406950955,33570.879113726376,2024-12-31
CUST0046,Government,US_Treasury,26,100.0,102.902076609347,2018-09-03
CUST0046,Government,German_Bund,40,100.0,102.94127114244372,2019-04-20
CUST0046,Gold,Gold_Bullion,13,1382.4557627363079,1240.4797583188729,2013-06-03
CUST0046,Gold,SPDR_Gold_ETF,5,1816.3026974998068,1655.173027442248,2021-03-15
CUST0047,Crypto,BTC,8,29456.28316404481,15493.568116011851,2022-04-06
CUST0047,Crypto,ETH,1,11484.437110492958,50653.604739308335,2023-02-26
CUST0047,Government,US_Treasury,36,100.0,104.26811758290302,2017-04-15
CUST0047,Government,German_Bund,6,100.0,102.43550720063222,2021-12-17
CUST0047,Gold,Gold_Bullion,6,2051.0699603635976,2399.422964729373,2011-10-02
CUST0047,Gold,SPDR_Gold_ETF,13,2388.004359010273,1559.393211600942,2023-04-27
CUST0048,Crypto,BTC,9,7906.1748112923215,14047.799068166312,2023-07-05
CUST0048,Crypto,ETH,5,7381.399633892185,66887.93215591919,2019-07-28
CUST0048,Government,US_Treasury,22,100.0,102.11186358552165,2024-09-01
CUST0048,Government,German_Bund,32,100.0,98.23544826895117,2017-11-15
CUST0048,Gold,Gold_Bullion,3,1487.562056264512,2478.0165187811854,2022-08-21
CUST0048,Gold,SPDR_Gold_ETF,15,2456.367821314704,1786.5207989539365,2013-07-09
CUST0049,Crypto,BTC,0,58394.8945246067,59385.029638782114,2023-06-13
CUST0049,Crypto,ETH,7,46866.763677165116,63671.379748805266,2024-04-11
CUST0049,Government,US_Treasury,27,100.0,100.54828298447708,2021-11-12
CUST0049,Government,German_Bund,44,100.0,101.80856958691702,2024-06-17
CUST0049,Gold,Gold_Bullion,16,2446.559713877335,2130.924218186988,2022-11-28
CUST0049,Gold,SPDR_Gold_ETF,16,1297.7305930176085,1573.0976094738821,2020-01-22
CUST0050,Crypto,BTC,6,32811.420524004556,23385.137020386363,2022-11-13
CUST0050,Crypto,ETH,3,17205.16435323905,46918.12239400999,2024-02-02
CUST0050,Government,US_Treasury,35,100.0,100.83363556329847,2016-09-01
CUST0050,Government,German_Bund,14,100.0,98.97140175103421,2023-10-15
CUST0050,Gold,Gold_Bullion,14,2215.478617911194,1894.22534724563,2024-06-17
CUST0050,Gold,SPDR_Gold_ETF,19,1432.962771611136,2178.5001342818878,2014-11-24
CUST0051,Crypto,BTC,1,10651.018043349797,58882.75409279297,2021-06-04
CUST0051,Crypto,ETH,3,58575.780896575,4095.0002550868717,2022-02-28
CUST0051,Government,US_Treasury,42,100.0,97.93748568928224,2022-12-20
CUST0051,Government,German_Bund,27,100.0,95.65415972611146,2018-10-23
CUST0051,Gold,Gold_Bullion,11,1650.7427072365094,1602.8926159607277,2024-08-27
CUST0051,Gold,SPDR_Gold_ETF,4,1693.379608444589,1820.8628910302332,2012-07-27
CUST0052,Crypto,BTC,1,55959.32548895155,52653.2664125407,2022-12-08
CUST0052,Crypto,ETH,4,24110.47291036008,54866.70581524498,2022-02-01
CUST0052,Government,US_Treasury,16,100.0,96.15947893922099,2019-09-15
CUST0052,Government,German_Bund,44,100.0,97.60405431522993,2016-08-04
CUST0052,Gold,Gold_Bullion,2,1421.3776926774544,1913.678771724944,2013-01-16
CUST0052,Gold,SPDR_Gold_ETF,3,2388.919690520762,2302.0785883939716,2018-05-10
CUST0053,Crypto,BTC,3,46739.73272309882,23634.09109423206,2023-08-15
CUST0053,Crypto,ETH,5,26812.20378135216,37071.9114476003,2021-09-17
CUST0053,Government,US_Treasury,19,100.0,98.04715055137865,2015-08-28
CUST0053,Government,German_Bund,19,100.0,103.32255746889312,2023-02-16
CUST0053,Gold,Gold_Bullion,8,1459.372990302766,2339.5897302966305,2024-03-07
CUST0053,Gold,SPDR_Gold_ETF,11,1393.4463064264862,1652.1034326650563,2010-12-21
CUST0054,Crypto,BTC,7,10301.244554905896,7946.749931160833,2022-04-02
CUST0054,Crypto,ETH,2,11378.466590380885,44713.623308449765,2018-04-28
CUST0054,Government,US_Treasury,6,100.0,98.58795491583743,2015-08-22
CUST0054,Government,German_Bund,25,100.0,96.97494065819019,2016-01-31
CUST0054,Gold,Gold_Bullion,19,1571.867956244842,1959.2907234569002,2015-05-21
CUST0054,Gold,SPDR_Gold_ETF,9,2261.858503645265,1379.604703332577,2016-01-22
CUST0055,Crypto,BTC,6,4939.359977012134,25369.59897763172,2024-06-28
CUST0055,Crypto,ETH,2,9649.103310550026,31083.731339963877,2023-03-16
CUST0055,Government,US_Treasury,42,100.0,99.69590674965463,2018-03-20
CUST0055,Government,German_Bund,27,100.0,97.31067643246273,2022-06-16
CUST0055,Gold,Gold_Bullion,5,2055.3696551899625,1624.6964864525053,2019-06-22
CUST0055,Gold,SPDR_Gold_ETF,4,2228.419636300741,2237.726106340684,2019-03-15
CUST0056,Crypto,BTC,5,13166.099047122541,51081.43548221821,2018-02-05
CUST0056,Crypto,ETH,7,20406.15184154966,54887.09869189176,2023-10-19
CUST0056,Government,US_Treasury,20,100.0,96.72358317520083,2015-07-30
CUST0056,Government,German_Bund,48,100.0,104.34655488327978,2018-01-31
CUST0056,Gold,Gold_Bullion,19,2265.1447045379437,1267.1190109053332,2019-11-07
CUST0056,Gold,SPDR_Gold_ETF,8,1221.4446095827386,1675.576551706608,2023-10-29
CUST0057,Crypto,BTC,5,52874.62757326568,37530.86185937883,2020-05-20
CUST0057,Crypto,ETH,4,16423.473300864593,19958.961842153105,2018-08-26
CUST0057,Government,US_Treasury,2,100.0,96.19067554640404,2018-02-13
CUST0057,Government,German_Bund,31,100.0,103.80242945572692,2020-10-15
CUST0057,Gold,Gold_Bullion,3,2007.8368404098303,1782.660823031393,2022-03-29
CUST0057,Gold,SPDR_Gold_ETF,10,2438.0550927674453,1926.7791490061404,2011-12-03
CUST0058,Crypto,BTC,2,6848.172057006064,21578.874347771318,2018-07-18
CUST0058,Crypto,ETH,6,55535.83478107187,41189.31635352041,2024-08-31
CUST0058,Government,US_Treasury,28,100.0,102.3183591656342,2019-09-05
CUST0058,Government,German_Bund,34,100.0,98.3538968195888,2019-06-11
CUST0058,Gold,Gold_Bullion,16,1702.1585342598273,1618.760204896929,2020-07-29
CUST0058,Gold,SPDR_Gold_ETF,15,1572.7797583868867,2263.5554472277845,2014-07-05
CUST0059,Crypto,BTC,6,29909.050113433434,26159.521051265725,2021-06-01
CUST0059,Crypto,ETH,6,13155.550102375568,14057.002922424716,2019-04-12
CUST0059,Government,US_Treasury,3,100.0,103.19004962387493,2017-10-08
CUST0059,Government,German_Bund,47,100.0,96.43186558687518,2017-11-18
CUST0059,Gold,Gold_Bullion,2,2399.8056384304227,1361.5044240607485,2020-10-27
CUST0059,Gold,SPDR_Gold_ETF,9,1793.4462556288868,1996.0090191000381,2011-02-13
CUST0060,Crypto,BTC,9,18991.581670557596,58899.98656401711,2018-03-28
CUST0060,Crypto,ETH,0,4696.252007110914,67257.0816445578,2021-01-17
CUST0060,Government,US_Treasury,22,100.0,95.0295448937781,2019-10-28
CUST0060,Government,German_Bund,10,100.0,102.95389982451513,2023-05-01
CUST0060,Gold,Gold_Bullion,2,1639.2781491733426,1214.0489680667124,2019-08-13
CUST0060,Gold,SPDR_Gold_ETF,15,1488.7762302559095,1245.0789574409314,2012-07-28
CUST0061,Crypto,BTC,4,13608.940106542499,41758.03755939631,2018-04-08
CUST0061,Crypto,ETH,8,15352.81225268014,62642.91056609581,2019-03-12
CUST0061,Government,US_Treasury,9,100.0,98.27699035841559,2020-11-04
CUST0061,Government,German_Bund,13,100.0,95.44428554339576,2020-04-13
CUST0061,Gold,Gold_Bullion,15,1610.2615999514758,1557.235011638646,2011-10-22
CUST0061,Gold,SPDR_Gold_ETF,5,1604.1286409363481,1866.274394765654,2012-03-16
CUST0062,Crypto,BTC,6,26121.577211760374,2147.2507671951907,2018-02-24
CUST0062,Crypto,ETH,7,43085.38639872936,61719.47959622692,2024-06-08
CUST0062,Government,US_Treasury,43,100.0,102.73743059727289,2015-05-04
CUST0062,Government,German_Bund,38,100.0,95.75693761478325,2023-07-30
CUST0062,Gold,Gold_Bullion,10,1603.2714820702706,1897.332372025135,2017-01-15
CUST0062,Gold,SPDR_Gold_ETF,13,2027.7263561526458,1691.066995373554,2021-12-11
CUST0063,Crypto,BTC,1,22629.625315384423,56400.05690655907,2021-07-20
CUST0063,Crypto,ETH,6,7888.314191172394,62231.58595349853,2024-01-15
CUST0063,Government,US_Treasury,13,100.0,103.02042213266665,2023-09-06
CUST0063,Government,German_Bund,24,100.0,99.1918344702585,2020-03-29
CUST0063,Gold,Gold_Bullion,3,2215.1606297274884,2419.608849055493,2020-06-23
CUST0063,Gold,SPDR_Gold_ETF,5,1207.1912741719289,2193.817736267654,2010-05-13
CUST0064,Crypto,BTC,0,29358.346792467906,12634.609169672596,2022-05-17
CUST0064,Crypto,ETH,2,30940.101455275562,29087.34464775786,2019-04-03
CUST0064,Government,US_Treasury,24,100.0,102.42285938288744,2018-06-05
CUST0064,Government,German_Bund,36,100.0,97.21260029033036,2022-09-04
CUST0064,Gold,Gold_Bullion,19,1906.2701646071555,1207.7108858598772,2021-03-01
CUST0064,Gold,SPDR_Gold_ETF,3,2192.457780036948,1926.657490504254,2021-07-19
CUST0065,Crypto,BTC,0,31628.56729051983,32648.721875248462,2020-08-26
CUST0065,Crypto,ETH,9,41280.635133223084,17583.11313341171,2019-06-19
CUST0065,Government,US_Treasury,21,100.0,103.5521672585795,2015-06-06
CUST0065,Government,German_Bund,47,100.0,102.25669077394063,2022-05-17
CUST0065,Gold,Gold_Bullion,2,1866.985162592726,2187.4845980291343,2021-08-31
CUST0065,Gold,SPDR_Gold_ETF,3,1430.817891331222,2051.2174959425042,2023-03-01
CUST0066,Crypto,BTC,0,8460.820611825442,8120.358936840705,2020-02-14
CUST0066,Crypto,ETH,4,5348.768620864434,29351.536657234086,2023-09-13
CUST0066,Government,US_Treasury,23,100.0,103.66391114457487,2022-01-22
CUST0066,Government,German_Bund,23,100.0,104.49638666302155,2024-02-26
CUST0066,Gold,Gold_Bullion,12,2235.8434510453426,2485.4367392678632,2023-11-09
CUST0066,Gold,SPDR_Gold_ETF,2,2318.099036780699,1636.8148211731022,2014-11-18
CUST0067,Crypto,BTC,7,20588.03970356905,26638.92276082562,2019-08-25
CUST0067,Crypto,ETH,6,3510.737459854943,54187.95759861346,2021-08-19
CUST0067,Government,US_Treasury,38,100.0,99.54056887512228,2024-07-02
CUST0067,Government,German_Bund,18,100.0,104.68866802431329,2015-09-01
CUST0067,Gold,Gold_Bullion,3,1787.6246953835753,1547.3201778744824,2017-03-02
CUST0067,Gold,SPDR_Gold_ETF,15,1343.9074318625176,2022.7026088203363,2021-06-29
CUST0068,Crypto,BTC,0,25901.763934903465,68325.3086772529,2021-09-05
CUST0068,Crypto,ETH,3,6729.314351076167,59416.61853148155,2018-06-15
CUST0068,Government,US_Treasury,4,100.0,99.0543831575236,2015-04-22
CUST0068,Government,German_Bund,17,100.0,98.2981800059021,2023-01-28
CUST0068,Gold,Gold_Bullion,3,1924.3419532106338,2492.016565766651,2022-10-14
CUST0068,Gold,SPDR_Gold_ETF,3,1867.5555661274739,1240.813438180966,2023-10-17
CUST0069,Crypto,BTC,2,2367.299314731262,5282.323561412795,2022-03-19
CUST0069,Crypto,ETH,9,49037.970856662854,1354.0745169650445,2019-06-10
CUST0069,Government,US_Treasury,6,100.0,99.31461420471057,2018-03-24
CUST0069,Government,German_Bund,33,100.0,95.73109000986979,2022-08-19
CUST0069,Gold,Gold_Bullion,11,1947.7338797727239,1208.0480248356064,2010-11-29
CUST0069,Gold,SPDR_Gold_ETF,10,1444.4989045159027,1944.698182795264,2015-06-17
CUST0070,Crypto,BTC,2,21403.239852110157,12028.600433939873,2021-09-30
CUST0070,Crypto,ETH,9,58365.88313118096,60808.481097374155,2024-02-26
CUST0070,Government,US_Treasury,40,100.0,102.58788749520087,2020-12-30
CUST0070,Government,German_Bund,18,100.0,102.71393136867191,2024-05-16
CUST0070,Gold,Gold_Bullion,5,1235.6308910593225,1270.5605430741396,2012-04-15
CUST0070,Gold,SPDR_Gold_ETF,10,2031.535398392492,2042.9784753829013,2024-12-11
CUST0071,Crypto,BTC,0,59046.43209683775,1138.2851059566924,2018-07-16
CUST0071,Crypto,ETH,7,46022.43394896399,34458.35458721751,2021-09-04
CUST0071,Government,US_Treasury,36,100.0,98.68945945046009,2022-01-23
CUST0071,Government,German_Bund,35,100.0,102.88735829740328,2016-09-30
CUST0071,Gold,Gold_Bullion,10,1564.108126052,2016.7044138912916,2020-10-22
CUST0071,Gold,SPDR_Gold_ETF,14,1212.3288068791926,2469.0219520314545,2023-08-18
CUST0072,Crypto,BTC,0,27542.1233423573,58529.84922085074,2021-09-15
CUST0072,Crypto,ETH,2,18035.072697980675,25297.469729154665,2023-03-24
CUST0072,Government,US_Treasury,22,100.0,96.29302467601167,2023-06-02
CUST0072,Government,German_Bund,45,100.0,97.42176096536338,2018-04-07
CUST0072,Gold,Gold_Bullion,19,1670.189622230373,1828.5113989893275,2012-03-25
CUST0072,Gold,SPDR_Gold_ETF,8,1331.7169526366815,1860.5975856356408,2016-02-28
CUST0073,Crypto,BTC,7,6294.178581883132,28314.987111014583,2022-01-21
CUST0073,Crypto,ETH,2,57924.97786255029,59999.96383486009,2018-12-18
CUST0073,Government,US_Treasury,48,100.0,103.44962223938873,2019-03-07
CUST0073,Government,German_Bund,20,100.0,98.98885059051025,2015-03-09
CUST0073,Gold,Gold_Bullion,17,2427.470238574187,1662.3554790236394,2019-08-23
CUST0073,Gold,SPDR_Gold_ETF,12,2276.2074920016826,2143.480588574498,2016-02-02
CUST0074,Crypto,BTC,7,49316.004510956685,42939.46809521178,2021-02-16
CUST0074,Crypto,ETH,5,41032.04789620844,17937.714392504935,2024-04-11
CUST0074,Government,US_Treasury,46,100.0,103.03670721513856,2020-03-09
CUST0074,Government,German_Bund,6,100.0,101.93720323648536,2019-06-20
CUST0074,Gold,Gold_Bullion,18,2271.8791532898,1653.6942082221058,2024-01-22
CUST0074,Gold,SPDR_Gold_ETF,5,1640.8718711403042,1471.5638160390656,2013-01-03
CUST0075,Crypto,BTC,2,3476.583285931271,17109.28327211651,2023-04-30
CUST0075,Crypto,ETH,3,4996.55924651502,17007.4992923839,2022-10-07
CUST0075,Government,US_Treasury,8,100.0,99.34967902075073,2016-06-13
CUST0075,Government,German_Bund,41,100.0,96.94981678068517,2017-07-30
CUST0075,Gold,Gold_Bullion,13,1777.058141424931,1236.7072203336538,2019-02-03
CUST0075,Gold,SPDR_Gold_ETF,4,1355.1087008125744,2136.5198615708996,2019-09-27
CUST0076,Crypto,BTC,3,25041.18488652642,68496.89585979564,2022-12-10
CUST0076,Crypto,ETH,3,41816.99122918413,14877.127871289273,2023-07-27
CUST0076,Government,US_Treasury,43,100.0,99.73274465001776,2022-01-30
CUST0076,Government,German_Bund,34,100.0,96.24313963863963,2017-04-03
CUST0076,Gold,Gold_Bullion,7,2067.189217378638,1999.9857879082383,2023-04-25
CUST0076,Gold,SPDR_Gold_ETF,2,2176.6118732031528,2267.259525608113,2010-05-26
CUST0077,Crypto,BTC,9,55389.88476023488,57060.996478091,2019-01-26
CUST0077,Crypto,ETH,0,23586.317461702245,22037.444327259487,2022-07-15
CUST0077,Government,US_Treasury,46,100.0,96.91131264972805,2017-01-11
CUST0077,Government,German_Bund,32,100.0,100.76319485997706,2018-01-25
CUST0077,Gold,Gold_Bullion,10,1283.375196960038,1390.8259191416876,2020-10-07
CUST0077,Gold,SPDR_Gold_ETF,14,1235.5318145480198,2191.9355855016734,2011-02-28
CUST0078,Crypto,BTC,0,10175.093810528228,22086.981680574343,2018-07-21
CUST0078,Crypto,ETH,8,28740.06576664411,65335.35595696813,2021-01-22
CUST0078,Government,US_Treasury,34,100.0,100.19330710611426,2023-11-02
CUST0078,Government,German_Bund,12,100.0,96.88160946684425,2017-04-30
CUST0078,Gold,Gold_Bullion,13,1429.2733639875212,1655.9474972149012,2024-07-29
CUST0078,Gold,SPDR_Gold_ETF,10,1534.1698205480957,1946.8093275294304,2017-07-09
CUST0079,Crypto,BTC,4,22633.00138924119,59736.931829696776,2019-04-15
CUST0079,Crypto,ETH,6,31554.98490253864,59625.52646942218,2018-06-03
CUST0079,Government,US_Treasury,2,100.0,104.34659977648327,2022-12-16
CUST0079,Government,German_Bund,48,100.0,95.80287444835345,2017-12-26
CUST0079,Gold,Gold_Bullion,12,1794.339896081389,2070.4652355737157,2010-06-30
CUST0079,Gold,SPDR_Gold_ETF,13,2352.6189787704275,2300.74967496761,2022-08-29
CUST0080,Crypto,BTC,4,57575.84914419081,45938.42550392116,2019-05-05
CUST0080,Crypto,ETH,6,16581.043668897553,27813.164429958946,2023-11-28
CUST0080,Government,US_Treasury,22,100.0,102.25028630296771,2022-09-08
CUST0080,Government,German_Bund,24,100.0,104.58272570204743,2019-03-18
CUST0080,Gold,Gold_Bullion,3,2114.022859749568,2244.0076163053736,2024-02-20
CUST0080,Gold,SPDR_Gold_ETF,14,2269.190512531105,1292.9546526392132,2020-05-05
CUST0081,Crypto,BTC,9,40132.661735237845,5876.9200001591225,2024-08-29
CUST0081,Crypto,ETH,9,26966.5946370907,65420.79362796483,2022-08-31
CUST0081,Government,US_Treasury,17,100.0,101.11460943089084,2023-07-17
CUST0081,Government,German_Bund,41,100.0,96.26182415127563,2018-06-13
CUST0081,Gold,Gold_Bullion,10,1235.4332590330148,1293.124260204075,2014-06-24
CUST0081,Gold,SPDR_Gold_ETF,17,2204.0037034365846,2166.0616467367317,2017-06-11
CUST0082,Crypto,BTC,6,30703.289935202607,57708.40049069285,2018-10-24
CUST0082,Crypto,ETH,1,18977.250570515665,48928.348249230454,2021-01-08
CUST0082,Government,US_Treasury,9,100.0,104.38666345648438,2021-11-01
CUST0082,Government,German_Bund,47,100.0,96.29290999452782,2023-07-01
CUST0082,Gold,Gold_Bullion,2,1365.6323576737655,2401.0173791001844,2016-05-30
CUST0082,Gold,SPDR_Gold_ETF,3,1243.009928326853,1718.9612393492976,2014-09-03
CUST0083,Crypto,BTC,8,26007.389985174206,62377.668453134465,2024-04-05
CUST0083,Crypto,ETH,1,29667.276050384095,28624.68870650739,2024-12-07
CUST0083,Government,US_Treasury,35,100.0,100.10060183468742,2019-01-09
CUST0083,Government,German_Bund,38,100.0,101.8037018080956,2019-11-12
CUST0083,Gold,Gold_Bullion,8,1763.320771225931,1218.8144001659266,2014-04-08
CUST0083,Gold,SPDR_Gold_ETF,6,2335.017342527091,1694.255821792587,2019-05-02
CUST0084,Crypto,BTC,8,9108.708546822747,25388.99541633866,2022-09-09
CUST0084,Crypto,ETH,2,7120.3981443926095,63137.56287160301,2019-08-26
CUST0084,Government,US_Treasury,30,100.0,96.73124638432404,2018-06-11
CUST0084,Government,German_Bund,17,100.0,103.35858457988675,2016-04-26
CUST0084,Gold,Gold_Bullion,12,1346.1781875757733,1261.6512778765264,2020-11-16
CUST0084,Gold,SPDR_Gold_ETF,6,1653.9157491013643,1648.8220966090823,2024-10-21
CUST0085,Crypto,BTC,3,46834.1801940536,69639.85561248126,2022-02-20
CUST0085,Crypto,ETH,3,23705.6514587667,22351.343590472614,2019-07-06
CUST0085,Government,US_Treasury,46,100.0,95.77696201237605,2017-12-01
CUST0085,Government,German_Bund,27,100.0,98.88721901676682,2017-11-10
CUST0085,Gold,Gold_Bullion,3,1457.1920725108546,1810.4402802170807,2012-07-06
CUST0085,Gold,SPDR_Gold_ETF,7,1716.7429125919202,1538.9573127464978,2018-12-30
CUST0086,Crypto,BTC,8,17594.313797563704,4133.866618553302,2023-05-02
CUST0086,Crypto,ETH,3,15683.327643172046,18746.278483509388,2021-08-08
CUST0086,Government,US_Treasury,42,100.0,100.65875284670567,2019-11-26
CUST0086,Government,German_Bund,29,100.0,96.49502589317262,2018-10-30
CUST0086,Gold,Gold_Bullion,2,1345.538211307066,1348.7780894608534,2024-09-07
CUST0086,Gold,SPDR_Gold_ETF,7,2279.869029172007,1940.1792805608352,2018-11-28
CUST0087,Crypto,BTC,6,59029.737374525204,5757.2703817361435,2019-07-13
CUST0087,Crypto,ETH,0,47823.61378476526,10208.459715380743,2021-09-11
CUST0087,Government,US_Treasury,14,100.0,101.73378306778872,2021-08-30
CUST0087,Government,German_Bund,13,100.0,103.12937912153409,2022-09-29
CUST0087,Gold,Gold_Bullion,4,2190.833614807074,1758.2949992726546,2015-01-02
CUST0087,Gold,SPDR_Gold_ETF,1,1585.9087539229445,1832.129390715821,2010-05-22
CUST0088,Crypto,BTC,9,35951.73300782464,47609.04372658455,2020-09-09
CUST0088,Crypto,ETH,8,59682.77876286277,4685.133404309361,2021-11-17
CUST0088,Government,US_Treasury,26,100.0,102.14196227975425,2017-04-13
CUST0088,Government,German_Bund,46,100.0,97.39092265513577,2019-06-21
CUST0088,Gold,Gold_Bullion,9,1696.6475328812844,1926.5231110593827,2016-06-19
CUST0088,Gold,SPDR_Gold_ETF,10,1448.6556104826848,1531.2851476498638,2011-06-12
CUST0089,Crypto,BTC,2,20757.218453896443,58211.82749909222,2022-05-12
CUST0089,Crypto,ETH,5,5041.561981395274,42868.24469820741,2018-09-05
CUST0089,Government,US_Treasury,27,100.0,100.92442743467996,2024-05-25
CUST0089,Government,German_Bund,45,100.0,100.215665089617,2022-08-21
CUST0089,Gold,Gold_Bullion,11,1858.0415942360007,2392.0762357549856,2012-11-29
CUST0089,Gold,SPDR_Gold_ETF,4,2026.8663369154156,2153.211788983085,2015-05-10
CUST0090,Crypto,BTC,8,47624.525293806626,42260.95007233914,2021-03-10
CUST0090,Crypto,ETH,9,46268.8126895199,40627.17006596556,2018-10-31
CUST0090,Government,US_Treasury,13,100.0,100.91864730748453,2020-10-10
CUST0090,Government,German_Bund,33,100.0,104.5519175737942,2020-11-09
CUST0090,Gold,Gold_Bullion,12,1423.5072804737363,1265.575530680999,2014-01-19
CUST0090,Gold,SPDR_Gold_ETF,19,1822.974473402303,2115.042438428924,2017-02-27
CUST0091,Crypto,BTC,0,17113.05604025355,17036.051301457483,2022-09-26
CUST0091,Crypto,ETH,7,54889.838674945706,19542.53127473143,2020-10-13
CUST0091,Government,US_Treasury,24,100.0,99.53630299823143,2018-09-12
CUST0091,Government,German_Bund,22,100.0,102.75413641141492,2024-03-16
CUST0091,Gold,Gold_Bullion,15,1403.3715778117764,1655.2884445134287,2020-11-13
CUST0091,Gold,SPDR_Gold_ETF,16,2407.548517002754,2253.2246912801847,2017-10-17
CUST0092,Crypto,BTC,1,14115.097752489777,15299.75608131671,2020-05-14
CUST0092,Crypto,ETH,0,54898.44282411278,49511.385516702096,2020-05-07
CUST0092,Government,US_Treasury,43,100.0,101.37492912439039,2024-11-12
CUST0092,Government,German_Bund,29,100.0,102.96263288136038,2018-04-21
CUST0092,Gold,Gold_Bullion,8,1405.8545784668117,1812.516884502595,2014-01-06
CUST0092,Gold,SPDR_Gold_ETF,6,1370.5552556619123,1568.8921435927164,2016-02-15
CUST0093,Crypto,BTC,6,27045.026258677728,29795.46388920029,2018-05-09
CUST0093,Crypto,ETH,2,38371.55818712989,31781.661264613926,2020-08-10
CUST0093,Government,US_Treasury,9,100.0,97.40845479415495,2019-08-31
CUST0093,Government,German_Bund,24,100.0,101.39384253548155,2015-04-13
CUST0093,Gold,Gold_Bullion,5,1950.3902040096775,1493.5504466085213,2024-02-17
CUST0093,Gold,SPDR_Gold_ETF,19,1641.5120796344768,1627.7359874058498,2023-10-22
CUST0094,Crypto,BTC,7,31471.66521730056,17228.90524358092,2020-09-07
CUST0094,Crypto,ETH,3,29491.0921133035,11355.463773913754,2022-07-26
CUST0094,Government,US_Treasury,34,100.0,96.15938420140603,2015-11-27
CUST0094,Government,German_Bund,30,100.0,104.79725431812963,2019-06-14
CUST0094,Gold,Gold_Bullion,2,1413.3177443298055,1618.2596744038656,2016-08-04
CUST0094,Gold,SPDR_Gold_ETF,18,1686.4799278681653,1992.3068783261085,2019-08-17
CUST0095,Crypto,BTC,3,43944.305926174806,52037.97094179252,2021-12-29
CUST0095,Crypto,ETH,7,26399.836515060317,24371.24544533683,2018-04-05
CUST0095,Government,US_Treasury,19,100.0,97.012717216926,2019-12-15
CUST0095,Government,German_Bund,44,100.0,99.56271176426988,2022-09-12
CUST0095,Gold,Gold_Bullion,15,1889.9288793170617,2437.5212035803975,2015-06-26
CUST0095,Gold,SPDR_Gold_ETF,8,1284.9594517425733,1926.2304354505623,2016-11-11
CUST0096,Crypto,BTC,2,8601.804757820944,41310.6073468,2020-09-09
CUST0096,Crypto,ETH,0,15331.162498940079,3676.5856286757685,2022-05-12
CUST0096,Government,US_Treasury,29,100.0,102.62326829314219,2015-11-03
CUST0096,Government,German_Bund,15,100.0,100.76021537804161,2022-04-21
CUST0096,Gold,Gold_Bullion,14,1291.0721674261345,2452.411229029609,2013-04-16
CUST0096,Gold,SPDR_Gold_ETF,9,2489.6390839019555,1246.1095311511654,2020-01-10
CUST0097,Crypto,BTC,3,50050.26696409334,53030.07428123914,2021-09-06
CUST0097,Crypto,ETH,1,58475.51310361081,33382.895871063345,2024-11-30
CUST0097,Government,US_Treasury,4,100.0,102.20600398836622,2018-11-19
CUST0097,Government,German_Bund,28,100.0,99.9191492456147,2021-04-18
CUST0097,Gold,Gold_Bullion,3,2497.7384711637897,1687.6019020379,2021-01-15
CUST0097,Gold,SPDR_Gold_ETF,1,2028.0247844726,1768.0845851798206,2015-05-07
CUST0098,Crypto,BTC,7,36547.549480410205,16209.869939239765,2019-10-13
CUST0098,Crypto,ETH,4,39455.867876581564,35300.079716853725,2019-11-25
CUST0098,Government,US_Treasury,28,100.0,101.00878077370457,2023-04-28
CUST0098,Government,German_Bund,23,100.0,100.17984171515855,2019-02-20
CUST0098,Gold,Gold_Bullion,15,1366.6096456478601,1542.0888850072029,2012-08-02
CUST0098,Gold,SPDR_Gold_ETF,2,2150.418521702481,1610.1513220304262,2010-05-22
CUST0099,Crypto,BTC,4,8507.496184383148,23101.30386259251,2022-01-19
CUST0099,Crypto,ETH,6,6005.254848651982,40671.84510109839,2024-06-06
CUST0099,Government,US_Treasury,17,100.0,100.56252524494033,2016-11-19
CUST0099,Government,German_Bund,31,100.0,104.21921253418267,2023-03-11
CUST0099,Gold,Gold_Bullion,2,1242.71344104463,1723.341555856512,2013-03-07
CUST0099,Gold,SPDR_Gold_ETF,14,1555.3638805271255,2161.972731887853,2020-12-06
CUST0100,Crypto,BTC,4,5608.67389210953,66912.1732896893,2022-12-16
CUST0100,Crypto,ETH,2,9485.782983317838,61780.661176124675,2021-05-01
CUST0100,Government,US_Treasury,48,100.0,95.5358116917319,2017-12-19
CUST0100,Government,German_Bund,22,100.0,98.49199651630146,2019-10-22
CUST0100,Gold,Gold_Bullion,5,2474.9563737887784,1788.1647709529298,2013-09-13
CUST0100,Gold,SPDR_Gold_ETF,13,1954.718511428904,1357.9001442586723,2020-02-14
